purpose,year,value,scenario,variant,unit
Raumwärme,2000,258.6802322840868,ZERO-B,KKW50,PJ
Raumwärme,2001,277.8718890273776,ZERO-B,KKW50,PJ
Raumwärme,2002,260.4030454496333,ZERO-B,KKW50,PJ
Raumwärme,2003,280.7757725209183,ZERO-B,KKW50,PJ
Raumwärme,2004,278.6810156205902,ZERO-B,KKW50,PJ
Raumwärme,2005,287.71962108177365,ZERO-B,KKW50,PJ
Raumwärme,2006,276.97102527711354,ZERO-B,KKW50,PJ
Raumwärme,2007,243.54210371899632,ZERO-B,KKW50,PJ
Raumwärme,2008,266.7675454583513,ZERO-B,KKW50,PJ
Raumwärme,2009,263.535626932553,ZERO-B,KKW50,PJ
Raumwärme,2010,294.1129521540322,ZERO-B,KKW50,PJ
Raumwärme,2011,230.1588230662633,ZERO-B,KKW50,PJ
Raumwärme,2012,259.2891682749232,ZERO-B,KKW50,PJ
Raumwärme,2013,284.7328124323981,ZERO-B,KKW50,PJ
Raumwärme,2014,216.26151302007688,ZERO-B,KKW50,PJ
Raumwärme,2015,239.48362894918154,ZERO-B,KKW50,PJ
Raumwärme,2016,255.1291919138354,ZERO-B,KKW50,PJ
Raumwärme,2017,247.36639585934861,ZERO-B,KKW50,PJ
Raumwärme,2018,224.94034067970622,ZERO-B,KKW50,PJ
Raumwärme,2019,232.01961174517078,ZERO-B,KKW50,PJ
Raumwärme,2020,241.84440986880495,ZERO-B,KKW50,PJ
Raumwärme,2021,238.53888422699,ZERO-B,KKW50,PJ
Raumwärme,2022,235.35911714102755,ZERO-B,KKW50,PJ
Raumwärme,2023,232.34765936442864,ZERO-B,KKW50,PJ
Raumwärme,2024,229.49261971446953,ZERO-B,KKW50,PJ
Raumwärme,2025,226.34665107651406,ZERO-B,KKW50,PJ
Raumwärme,2026,223.3689002665879,ZERO-B,KKW50,PJ
Raumwärme,2027,220.4924261850679,ZERO-B,KKW50,PJ
Raumwärme,2028,217.42702243341262,ZERO-B,KKW50,PJ
Raumwärme,2029,214.42570567544834,ZERO-B,KKW50,PJ
Raumwärme,2030,211.63864833538352,ZERO-B,KKW50,PJ
Raumwärme,2031,209.05017504653952,ZERO-B,KKW50,PJ
Raumwärme,2032,206.2324111259097,ZERO-B,KKW50,PJ
Raumwärme,2033,203.83668996051733,ZERO-B,KKW50,PJ
Raumwärme,2034,201.03476202977401,ZERO-B,KKW50,PJ
Raumwärme,2035,198.50189946032268,ZERO-B,KKW50,PJ
Raumwärme,2036,195.83086671515883,ZERO-B,KKW50,PJ
Raumwärme,2037,193.04276335553809,ZERO-B,KKW50,PJ
Raumwärme,2038,190.53690218404526,ZERO-B,KKW50,PJ
Raumwärme,2039,188.13571845528583,ZERO-B,KKW50,PJ
Raumwärme,2040,185.63628359239087,ZERO-B,KKW50,PJ
Raumwärme,2041,183.49105320057905,ZERO-B,KKW50,PJ
Raumwärme,2042,181.41844834939891,ZERO-B,KKW50,PJ
Raumwärme,2043,179.32192019565676,ZERO-B,KKW50,PJ
Raumwärme,2044,177.41548743330418,ZERO-B,KKW50,PJ
Raumwärme,2045,175.6512147429215,ZERO-B,KKW50,PJ
Raumwärme,2046,173.89786621151242,ZERO-B,KKW50,PJ
Raumwärme,2047,172.41877045203998,ZERO-B,KKW50,PJ
Raumwärme,2048,170.86892063094047,ZERO-B,KKW50,PJ
Raumwärme,2049,169.34785926317446,ZERO-B,KKW50,PJ
Raumwärme,2050,167.81590021550994,ZERO-B,KKW50,PJ
Raumwärme,2051,166.3851524167089,ZERO-B,KKW50,PJ
Raumwärme,2052,165.09110227276838,ZERO-B,KKW50,PJ
Raumwärme,2053,163.72954292669436,ZERO-B,KKW50,PJ
Raumwärme,2054,162.5336171269039,ZERO-B,KKW50,PJ
Raumwärme,2055,161.25932928117396,ZERO-B,KKW50,PJ
Raumwärme,2056,160.27909719991302,ZERO-B,KKW50,PJ
Raumwärme,2057,159.1021434735061,ZERO-B,KKW50,PJ
Raumwärme,2058,157.88072392358418,ZERO-B,KKW50,PJ
Raumwärme,2059,156.78859809525574,ZERO-B,KKW50,PJ
Raumwärme,2060,155.60775206090182,ZERO-B,KKW50,PJ
Warmwasser,2000,46.16009442774764,ZERO-B,KKW50,PJ
Warmwasser,2001,45.7940809932782,ZERO-B,KKW50,PJ
Warmwasser,2002,46.03820360008681,ZERO-B,KKW50,PJ
Warmwasser,2003,45.71402068679103,ZERO-B,KKW50,PJ
Warmwasser,2004,45.98429790531041,ZERO-B,KKW50,PJ
Warmwasser,2005,45.55646574067042,ZERO-B,KKW50,PJ
Warmwasser,2006,45.648279381293285,ZERO-B,KKW50,PJ
Warmwasser,2007,44.740577818289054,ZERO-B,KKW50,PJ
Warmwasser,2008,44.59400106987311,ZERO-B,KKW50,PJ
Warmwasser,2009,45.20576029150414,ZERO-B,KKW50,PJ
Warmwasser,2010,45.064306630523554,ZERO-B,KKW50,PJ
Warmwasser,2011,44.56497166010003,ZERO-B,KKW50,PJ
Warmwasser,2012,44.70475631837336,ZERO-B,KKW50,PJ
Warmwasser,2013,45.10458490635787,ZERO-B,KKW50,PJ
Warmwasser,2014,44.617324116832734,ZERO-B,KKW50,PJ
Warmwasser,2015,44.920076787759804,ZERO-B,KKW50,PJ
Warmwasser,2016,44.677984230108414,ZERO-B,KKW50,PJ
Warmwasser,2017,44.68062766576881,ZERO-B,KKW50,PJ
Warmwasser,2018,44.38182881405608,ZERO-B,KKW50,PJ
Warmwasser,2019,44.188725142271984,ZERO-B,KKW50,PJ
Warmwasser,2020,43.35875543211663,ZERO-B,KKW50,PJ
Warmwasser,2021,43.07968170646442,ZERO-B,KKW50,PJ
Warmwasser,2022,42.62574501635344,ZERO-B,KKW50,PJ
Warmwasser,2023,42.35916637347961,ZERO-B,KKW50,PJ
Warmwasser,2024,42.106306823948906,ZERO-B,KKW50,PJ
Warmwasser,2025,41.92381548760488,ZERO-B,KKW50,PJ
Warmwasser,2026,41.677495891702705,ZERO-B,KKW50,PJ
Warmwasser,2027,41.44322936134162,ZERO-B,KKW50,PJ
Warmwasser,2028,41.29671290444843,ZERO-B,KKW50,PJ
Warmwasser,2029,41.18934197523275,ZERO-B,KKW50,PJ
Warmwasser,2030,40.95642065806255,ZERO-B,KKW50,PJ
Warmwasser,2031,40.86624982506921,ZERO-B,KKW50,PJ
Warmwasser,2032,40.77444395424798,ZERO-B,KKW50,PJ
Warmwasser,2033,40.72972116406829,ZERO-B,KKW50,PJ
Warmwasser,2034,40.65976882662237,ZERO-B,KKW50,PJ
Warmwasser,2035,40.59226778672021,ZERO-B,KKW50,PJ
Warmwasser,2036,40.58147714739469,ZERO-B,KKW50,PJ
Warmwasser,2037,40.51147092165969,ZERO-B,KKW50,PJ
Warmwasser,2038,40.44464526393871,ZERO-B,KKW50,PJ
Warmwasser,2039,40.42085086745003,ZERO-B,KKW50,PJ
Warmwasser,2040,40.3467078094276,ZERO-B,KKW50,PJ
Warmwasser,2041,40.268412806338326,ZERO-B,KKW50,PJ
Warmwasser,2042,40.2378643131182,ZERO-B,KKW50,PJ
Warmwasser,2043,40.177639500930646,ZERO-B,KKW50,PJ
Warmwasser,2044,40.08571045631382,ZERO-B,KKW50,PJ
Warmwasser,2045,40.070112730935726,ZERO-B,KKW50,PJ
Warmwasser,2046,39.999617614990775,ZERO-B,KKW50,PJ
Warmwasser,2047,39.93893414059484,ZERO-B,KKW50,PJ
Warmwasser,2048,39.925550208798334,ZERO-B,KKW50,PJ
Warmwasser,2049,39.86411720393254,ZERO-B,KKW50,PJ
Warmwasser,2050,39.834338349277324,ZERO-B,KKW50,PJ
Warmwasser,2051,39.881023130766145,ZERO-B,KKW50,PJ
Warmwasser,2052,39.866393254001366,ZERO-B,KKW50,PJ
Warmwasser,2053,39.81344018609851,ZERO-B,KKW50,PJ
Warmwasser,2054,39.80023936970655,ZERO-B,KKW50,PJ
Warmwasser,2055,39.75367764036176,ZERO-B,KKW50,PJ
Warmwasser,2056,39.72543217746096,ZERO-B,KKW50,PJ
Warmwasser,2057,39.66238413106559,ZERO-B,KKW50,PJ
Warmwasser,2058,39.63868667197424,ZERO-B,KKW50,PJ
Warmwasser,2059,39.59527484944741,ZERO-B,KKW50,PJ
Warmwasser,2060,39.56294990328586,ZERO-B,KKW50,PJ
Klimatisierung1),2000,8.755134073181864,ZERO-B,KKW50,PJ
Klimatisierung1),2001,13.463872786512663,ZERO-B,KKW50,PJ
Klimatisierung1),2002,10.612494034254144,ZERO-B,KKW50,PJ
Klimatisierung1),2003,12.111395419712316,ZERO-B,KKW50,PJ
Klimatisierung1),2004,11.980385886420779,ZERO-B,KKW50,PJ
Klimatisierung1),2005,10.9080712617939,ZERO-B,KKW50,PJ
Klimatisierung1),2006,9.969522622189968,ZERO-B,KKW50,PJ
Klimatisierung1),2007,9.558698220797966,ZERO-B,KKW50,PJ
Klimatisierung1),2008,9.564185725632038,ZERO-B,KKW50,PJ
Klimatisierung1),2009,9.629739954425228,ZERO-B,KKW50,PJ
Klimatisierung1),2010,9.359255492008598,ZERO-B,KKW50,PJ
Klimatisierung1),2011,9.869009758170098,ZERO-B,KKW50,PJ
Klimatisierung1),2012,9.721938168395148,ZERO-B,KKW50,PJ
Klimatisierung1),2013,9.500987066184473,ZERO-B,KKW50,PJ
Klimatisierung1),2014,8.398195973069845,ZERO-B,KKW50,PJ
Klimatisierung1),2015,9.337609495620358,ZERO-B,KKW50,PJ
Klimatisierung1),2016,9.581668443644093,ZERO-B,KKW50,PJ
Klimatisierung1),2017,10.416866553622178,ZERO-B,KKW50,PJ
Klimatisierung1),2018,10.235641653015923,ZERO-B,KKW50,PJ
Klimatisierung1),2019,9.693162429287058,ZERO-B,KKW50,PJ
Klimatisierung1),2020,11.981587496111537,ZERO-B,KKW50,PJ
Klimatisierung1),2021,12.057295164238397,ZERO-B,KKW50,PJ
Klimatisierung1),2022,12.156781036668452,ZERO-B,KKW50,PJ
Klimatisierung1),2023,12.255423469699014,ZERO-B,KKW50,PJ
Klimatisierung1),2024,12.317733731049927,ZERO-B,KKW50,PJ
Klimatisierung1),2025,12.370808220608094,ZERO-B,KKW50,PJ
Klimatisierung1),2026,12.449112854601207,ZERO-B,KKW50,PJ
Klimatisierung1),2027,12.536200719709276,ZERO-B,KKW50,PJ
Klimatisierung1),2028,12.631629724888764,ZERO-B,KKW50,PJ
Klimatisierung1),2029,12.720006385016593,ZERO-B,KKW50,PJ
Klimatisierung1),2030,12.779821896595108,ZERO-B,KKW50,PJ
Klimatisierung1),2031,12.798385079993563,ZERO-B,KKW50,PJ
Klimatisierung1),2032,12.891379411424127,ZERO-B,KKW50,PJ
Klimatisierung1),2033,12.98313983161735,ZERO-B,KKW50,PJ
Klimatisierung1),2034,13.046073560621318,ZERO-B,KKW50,PJ
Klimatisierung1),2035,13.16345386738723,ZERO-B,KKW50,PJ
Klimatisierung1),2036,13.254318683611523,ZERO-B,KKW50,PJ
Klimatisierung1),2037,13.333589333890156,ZERO-B,KKW50,PJ
Klimatisierung1),2038,13.41885418427519,ZERO-B,KKW50,PJ
Klimatisierung1),2039,13.54490962718224,ZERO-B,KKW50,PJ
Klimatisierung1),2040,13.673108746725415,ZERO-B,KKW50,PJ
Klimatisierung1),2041,13.750622364552086,ZERO-B,KKW50,PJ
Klimatisierung1),2042,13.836323619496266,ZERO-B,KKW50,PJ
Klimatisierung1),2043,13.917654178328085,ZERO-B,KKW50,PJ
Klimatisierung1),2044,14.010553164204053,ZERO-B,KKW50,PJ
Klimatisierung1),2045,14.08336713029491,ZERO-B,KKW50,PJ
Klimatisierung1),2046,14.17274105751397,ZERO-B,KKW50,PJ
Klimatisierung1),2047,14.235521483833573,ZERO-B,KKW50,PJ
Klimatisierung1),2048,14.316738716815763,ZERO-B,KKW50,PJ
Klimatisierung1),2049,14.401364390536868,ZERO-B,KKW50,PJ
Klimatisierung1),2050,14.47206865601304,ZERO-B,KKW50,PJ
Klimatisierung1),2051,14.544043574176897,ZERO-B,KKW50,PJ
Klimatisierung1),2052,14.582962246911219,ZERO-B,KKW50,PJ
Klimatisierung1),2053,14.633212522045714,ZERO-B,KKW50,PJ
Klimatisierung1),2054,14.671544694726455,ZERO-B,KKW50,PJ
Klimatisierung1),2055,14.723522529737107,ZERO-B,KKW50,PJ
Klimatisierung1),2056,14.744084272362011,ZERO-B,KKW50,PJ
Klimatisierung1),2057,14.755555672680037,ZERO-B,KKW50,PJ
Klimatisierung1),2058,14.794154335179876,ZERO-B,KKW50,PJ
Klimatisierung1),2059,14.80611393103848,ZERO-B,KKW50,PJ
Klimatisierung1),2060,14.842451746965287,ZERO-B,KKW50,PJ
Prozesswärme,2000,91.38668553804561,ZERO-B,KKW50,PJ
Prozesswärme,2001,92.27780298351331,ZERO-B,KKW50,PJ
Prozesswärme,2002,89.91151472563743,ZERO-B,KKW50,PJ
Prozesswärme,2003,88.90015957813131,ZERO-B,KKW50,PJ
Prozesswärme,2004,91.11331138909631,ZERO-B,KKW50,PJ
Prozesswärme,2005,91.8056393603892,ZERO-B,KKW50,PJ
Prozesswärme,2006,95.2703218175714,ZERO-B,KKW50,PJ
Prozesswärme,2007,98.39756430509054,ZERO-B,KKW50,PJ
Prozesswärme,2008,96.9145360500195,ZERO-B,KKW50,PJ
Prozesswärme,2009,88.0876895151797,ZERO-B,KKW50,PJ
Prozesswärme,2010,89.38754716531164,ZERO-B,KKW50,PJ
Prozesswärme,2011,92.00622051192519,ZERO-B,KKW50,PJ
Prozesswärme,2012,92.02401172827017,ZERO-B,KKW50,PJ
Prozesswärme,2013,89.4419534995247,ZERO-B,KKW50,PJ
Prozesswärme,2014,93.18050027399106,ZERO-B,KKW50,PJ
Prozesswärme,2015,87.55056793781806,ZERO-B,KKW50,PJ
Prozesswärme,2016,85.97718627047837,ZERO-B,KKW50,PJ
Prozesswärme,2017,87.6801832519281,ZERO-B,KKW50,PJ
Prozesswärme,2018,87.72819424075999,ZERO-B,KKW50,PJ
Prozesswärme,2019,86.06296374047889,ZERO-B,KKW50,PJ
Prozesswärme,2020,86.45209604936811,ZERO-B,KKW50,PJ
Prozesswärme,2021,85.64774391935416,ZERO-B,KKW50,PJ
Prozesswärme,2022,84.85654560545738,ZERO-B,KKW50,PJ
Prozesswärme,2023,84.08096644544659,ZERO-B,KKW50,PJ
Prozesswärme,2024,83.32199860569936,ZERO-B,KKW50,PJ
Prozesswärme,2025,82.57551532208029,ZERO-B,KKW50,PJ
Prozesswärme,2026,81.7742739658319,ZERO-B,KKW50,PJ
Prozesswärme,2027,80.98194288622824,ZERO-B,KKW50,PJ
Prozesswärme,2028,80.20304688358347,ZERO-B,KKW50,PJ
Prozesswärme,2029,79.44325568984887,ZERO-B,KKW50,PJ
Prozesswärme,2030,78.69984063437865,ZERO-B,KKW50,PJ
Prozesswärme,2031,77.98948180466873,ZERO-B,KKW50,PJ
Prozesswärme,2032,77.29860857063588,ZERO-B,KKW50,PJ
Prozesswärme,2033,76.63588849332297,ZERO-B,KKW50,PJ
Prozesswärme,2034,76.0009388200204,ZERO-B,KKW50,PJ
Prozesswärme,2035,75.38654762888237,ZERO-B,KKW50,PJ
Prozesswärme,2036,74.74206875721252,ZERO-B,KKW50,PJ
Prozesswärme,2037,74.10398447693115,ZERO-B,KKW50,PJ
Prozesswärme,2038,73.48356316323326,ZERO-B,KKW50,PJ
Prozesswärme,2039,72.87654566174612,ZERO-B,KKW50,PJ
Prozesswärme,2040,72.27654261983345,ZERO-B,KKW50,PJ
Prozesswärme,2041,71.65407332195791,ZERO-B,KKW50,PJ
Prozesswärme,2042,71.03762799493282,ZERO-B,KKW50,PJ
Prozesswärme,2043,70.43287396354481,ZERO-B,KKW50,PJ
Prozesswärme,2044,69.84158626304671,ZERO-B,KKW50,PJ
Prozesswärme,2045,69.26030748366739,ZERO-B,KKW50,PJ
Prozesswärme,2046,68.66840278823969,ZERO-B,KKW50,PJ
Prozesswärme,2047,68.0913030929981,ZERO-B,KKW50,PJ
Prozesswärme,2048,67.53005748752354,ZERO-B,KKW50,PJ
Prozesswärme,2049,66.98474248132707,ZERO-B,KKW50,PJ
Prozesswärme,2050,66.45121472526206,ZERO-B,KKW50,PJ
Prozesswärme,2051,65.91743334857041,ZERO-B,KKW50,PJ
Prozesswärme,2052,65.39669774429012,ZERO-B,KKW50,PJ
Prozesswärme,2053,64.89308820050893,ZERO-B,KKW50,PJ
Prozesswärme,2054,64.40615817499454,ZERO-B,KKW50,PJ
Prozesswärme,2055,63.929825707569925,ZERO-B,KKW50,PJ
Prozesswärme,2056,63.487436800153915,ZERO-B,KKW50,PJ
Prozesswärme,2057,63.05194220602811,ZERO-B,KKW50,PJ
Prozesswärme,2058,62.62723800060081,ZERO-B,KKW50,PJ
Prozesswärme,2059,62.212114001942766,ZERO-B,KKW50,PJ
Prozesswärme,2060,61.80057000840909,ZERO-B,KKW50,PJ
Prozesskälte2),2000,3.9158508271374504,ZERO-B,KKW50,PJ
Prozesskälte2),2001,5.957706254344371,ZERO-B,KKW50,PJ
Prozesskälte2),2002,4.389450766574432,ZERO-B,KKW50,PJ
Prozesskälte2),2003,4.501051308031085,ZERO-B,KKW50,PJ
Prozesskälte2),2004,4.858142900464945,ZERO-B,KKW50,PJ
Prozesskälte2),2005,4.324136669532337,ZERO-B,KKW50,PJ
Prozesskälte2),2006,4.080611308915566,ZERO-B,KKW50,PJ
Prozesskälte2),2007,4.138690940762021,ZERO-B,KKW50,PJ
Prozesskälte2),2008,4.516287011653408,ZERO-B,KKW50,PJ
Prozesskälte2),2009,4.751901758585058,ZERO-B,KKW50,PJ
Prozesskälte2),2010,4.635281948331226,ZERO-B,KKW50,PJ
Prozesskälte2),2011,4.777328929441633,ZERO-B,KKW50,PJ
Prozesskälte2),2012,4.845798052563503,ZERO-B,KKW50,PJ
Prozesskälte2),2013,5.180383278042042,ZERO-B,KKW50,PJ
Prozesskälte2),2014,4.642320690575494,ZERO-B,KKW50,PJ
Prozesskälte2),2015,4.556330678473973,ZERO-B,KKW50,PJ
Prozesskälte2),2016,4.7965299839899025,ZERO-B,KKW50,PJ
Prozesskälte2),2017,5.281587736591476,ZERO-B,KKW50,PJ
Prozesskälte2),2018,4.518297289399654,ZERO-B,KKW50,PJ
Prozesskälte2),2019,4.451701109412669,ZERO-B,KKW50,PJ
Prozesskälte2),2020,2.698191217334896,ZERO-B,KKW50,PJ
Prozesskälte2),2021,2.6603599162808833,ZERO-B,KKW50,PJ
Prozesskälte2),2022,2.6231448358287235,ZERO-B,KKW50,PJ
Prozesskälte2),2023,2.5865660920808997,ZERO-B,KKW50,PJ
Prozesskälte2),2024,2.5505368872968166,ZERO-B,KKW50,PJ
Prozesskälte2),2025,2.515057446484647,ZERO-B,KKW50,PJ
Prozesskälte2),2026,2.479278553262771,ZERO-B,KKW50,PJ
Prozesskälte2),2027,2.4439508115932917,ZERO-B,KKW50,PJ
Prozesskälte2),2028,2.4090676335097174,ZERO-B,KKW50,PJ
Prozesskälte2),2029,2.374656330182634,ZERO-B,KKW50,PJ
Prozesskälte2),2030,2.34071780117838,ZERO-B,KKW50,PJ
Prozesskälte2),2031,2.3073436991874052,ZERO-B,KKW50,PJ
Prozesskälte2),2032,2.274246181213829,ZERO-B,KKW50,PJ
Prozesskälte2),2033,2.2413439527730588,ZERO-B,KKW50,PJ
Prozesskälte2),2034,2.208548939255676,ZERO-B,KKW50,PJ
Prozesskälte2),2035,2.175865320611987,ZERO-B,KKW50,PJ
Prozesskälte2),2036,2.142833527547506,ZERO-B,KKW50,PJ
Prozesskälte2),2037,2.109752283376618,ZERO-B,KKW50,PJ
Prozesskälte2),2038,2.076931509992424,ZERO-B,KKW50,PJ
Prozesskälte2),2039,2.044437628129133,ZERO-B,KKW50,PJ
Prozesskälte2),2040,2.0123350290100745,ZERO-B,KKW50,PJ
Prozesskälte2),2041,1.9797758814757183,ZERO-B,KKW50,PJ
Prozesskälte2),2042,1.9477089068680957,ZERO-B,KKW50,PJ
Prozesskälte2),2043,1.9161410359496527,ZERO-B,KKW50,PJ
Prozesskälte2),2044,1.8850723707666004,ZERO-B,KKW50,PJ
Prozesskälte2),2045,1.8545020213195516,ZERO-B,KKW50,PJ
Prozesskälte2),2046,1.8236918739735475,ZERO-B,KKW50,PJ
Prozesskälte2),2047,1.7934181029221445,ZERO-B,KKW50,PJ
Prozesskälte2),2048,1.7636501078327882,ZERO-B,KKW50,PJ
Prozesskälte2),2049,1.734386362918765,ZERO-B,KKW50,PJ
Prozesskälte2),2050,1.7056077040073354,ZERO-B,KKW50,PJ
Prozesskälte2),2051,1.6768509820053117,ZERO-B,KKW50,PJ
Prozesskälte2),2052,1.6485826934340484,ZERO-B,KKW50,PJ
Prozesskälte2),2053,1.6208070423872352,ZERO-B,KKW50,PJ
Prozesskälte2),2054,1.5935077013890546,ZERO-B,KKW50,PJ
Prozesskälte2),2055,1.566684901010572,ZERO-B,KKW50,PJ
Prozesskälte2),2056,1.540492908519534,ZERO-B,KKW50,PJ
Prozesskälte2),2057,1.5147503578825936,ZERO-B,KKW50,PJ
Prozesskälte2),2058,1.4894391603409378,ZERO-B,KKW50,PJ
Prozesskälte2),2059,1.4645602696443285,ZERO-B,KKW50,PJ
Prozesskälte2),2060,1.440105445283189,ZERO-B,KKW50,PJ
Summe,2000,408.89799715019933,ZERO-B,KKW50,PJ
Summe,2001,435.36535204502616,ZERO-B,KKW50,PJ
Summe,2002,411.3547085761861,ZERO-B,KKW50,PJ
Summe,2003,432.00239951358407,ZERO-B,KKW50,PJ
Summe,2004,432.61715370188267,ZERO-B,KKW50,PJ
Summe,2005,440.3139341141595,ZERO-B,KKW50,PJ
Summe,2006,431.9397604070838,ZERO-B,KKW50,PJ
Summe,2007,400.37763500393595,ZERO-B,KKW50,PJ
Summe,2008,422.35655531552936,ZERO-B,KKW50,PJ
Summe,2009,411.21071845224714,ZERO-B,KKW50,PJ
Summe,2010,442.55934339020723,ZERO-B,KKW50,PJ
Summe,2011,381.3763539259003,ZERO-B,KKW50,PJ
Summe,2012,410.5856725425254,ZERO-B,KKW50,PJ
Summe,2013,433.96072118250714,ZERO-B,KKW50,PJ
Summe,2014,367.09985407454604,ZERO-B,KKW50,PJ
Summe,2015,385.84821384885373,ZERO-B,KKW50,PJ
Summe,2016,400.1625608420562,ZERO-B,KKW50,PJ
Summe,2017,395.42566106725917,ZERO-B,KKW50,PJ
Summe,2018,371.8043026769379,ZERO-B,KKW50,PJ
Summe,2019,376.4161641666214,ZERO-B,KKW50,PJ
Summe,2020,386.33504006373613,ZERO-B,KKW50,PJ
Summe,2021,381.9839649333278,ZERO-B,KKW50,PJ
Summe,2022,377.62133363533553,ZERO-B,KKW50,PJ
Summe,2023,373.6297817451347,ZERO-B,KKW50,PJ
Summe,2024,369.78919576246454,ZERO-B,KKW50,PJ
Summe,2025,365.7318475532919,ZERO-B,KKW50,PJ
Summe,2026,361.74906153198646,ZERO-B,KKW50,PJ
Summe,2027,357.8977499639403,ZERO-B,KKW50,PJ
Summe,2028,353.967479579843,ZERO-B,KKW50,PJ
Summe,2029,350.15296605572917,ZERO-B,KKW50,PJ
Summe,2030,346.41544932559816,ZERO-B,KKW50,PJ
Summe,2031,343.0116354554585,ZERO-B,KKW50,PJ
Summe,2032,339.4710892434315,ZERO-B,KKW50,PJ
Summe,2033,336.42678340229895,ZERO-B,KKW50,PJ
Summe,2034,332.95009217629377,ZERO-B,KKW50,PJ
Summe,2035,329.8200340639245,ZERO-B,KKW50,PJ
Summe,2036,326.5515648309251,ZERO-B,KKW50,PJ
Summe,2037,323.1015603713957,ZERO-B,KKW50,PJ
Summe,2038,319.9608963054849,ZERO-B,KKW50,PJ
Summe,2039,317.02246223979336,ZERO-B,KKW50,PJ
Summe,2040,313.9449777973874,ZERO-B,KKW50,PJ
Summe,2041,311.14393757490313,ZERO-B,KKW50,PJ
Summe,2042,308.4779731838143,ZERO-B,KKW50,PJ
Summe,2043,305.76622887440993,ZERO-B,KKW50,PJ
Summe,2044,303.23840968763534,ZERO-B,KKW50,PJ
Summe,2045,300.91950410913904,ZERO-B,KKW50,PJ
Summe,2046,298.56231954623036,ZERO-B,KKW50,PJ
Summe,2047,296.47794727238863,ZERO-B,KKW50,PJ
Summe,2048,294.4049171519109,ZERO-B,KKW50,PJ
Summe,2049,292.3324697018897,ZERO-B,KKW50,PJ
Summe,2050,290.2791296500697,ZERO-B,KKW50,PJ
Summe,2051,288.4045034522277,ZERO-B,KKW50,PJ
Summe,2052,286.5857382114051,ZERO-B,KKW50,PJ
Summe,2053,284.69009087773475,ZERO-B,KKW50,PJ
Summe,2054,283.0050670677205,ZERO-B,KKW50,PJ
Summe,2055,281.2330400598533,ZERO-B,KKW50,PJ
Summe,2056,279.77654335840947,ZERO-B,KKW50,PJ
Summe,2057,278.0867758411624,ZERO-B,KKW50,PJ
Summe,2058,276.4302420916801,ZERO-B,KKW50,PJ
Summe,2059,274.8666611473287,ZERO-B,KKW50,PJ
Summe,2060,273.25382916484523,ZERO-B,KKW50,PJ
Raumwärme,2000,258.9338304903898,WWB,KKW50,PJ
Raumwärme,2001,278.26568874938414,WWB,KKW50,PJ
Raumwärme,2002,260.79552775498576,WWB,KKW50,PJ
Raumwärme,2003,281.1751046164677,WWB,KKW50,PJ
Raumwärme,2004,279.07699439415074,WWB,KKW50,PJ
Raumwärme,2005,288.08412447843693,WWB,KKW50,PJ
Raumwärme,2006,277.2521288579348,WWB,KKW50,PJ
Raumwärme,2007,243.7906671770394,WWB,KKW50,PJ
Raumwärme,2008,266.96673920018134,WWB,KKW50,PJ
Raumwärme,2009,263.63814472857916,WWB,KKW50,PJ
Raumwärme,2010,294.1767459156232,WWB,KKW50,PJ
Raumwärme,2011,230.2422981765185,WWB,KKW50,PJ
Raumwärme,2012,259.29016651321257,WWB,KKW50,PJ
Raumwärme,2013,284.68360270047924,WWB,KKW50,PJ
Raumwärme,2014,216.20645085798333,WWB,KKW50,PJ
Raumwärme,2015,239.39782803580158,WWB,KKW50,PJ
Raumwärme,2016,254.99563831093892,WWB,KKW50,PJ
Raumwärme,2017,247.23090360549244,WWB,KKW50,PJ
Raumwärme,2018,224.8237391469489,WWB,KKW50,PJ
Raumwärme,2019,231.84230205687598,WWB,KKW50,PJ
Raumwärme,2020,241.0743456099157,WWB,KKW50,PJ
Raumwärme,2021,238.2584605005969,WWB,KKW50,PJ
Raumwärme,2022,235.3835114858756,WWB,KKW50,PJ
Raumwärme,2023,232.58382125098842,WWB,KKW50,PJ
Raumwärme,2024,230.04788343197703,WWB,KKW50,PJ
Raumwärme,2025,227.32200755364016,WWB,KKW50,PJ
Raumwärme,2026,224.6096344182288,WWB,KKW50,PJ
Raumwärme,2027,222.04913629404916,WWB,KKW50,PJ
Raumwärme,2028,219.66609486256291,WWB,KKW50,PJ
Raumwärme,2029,217.3478713829193,WWB,KKW50,PJ
Raumwärme,2030,215.0920695901328,WWB,KKW50,PJ
Raumwärme,2031,212.97076004027133,WWB,KKW50,PJ
Raumwärme,2032,210.72668414989582,WWB,KKW50,PJ
Raumwärme,2033,208.63063903394465,WWB,KKW50,PJ
Raumwärme,2034,206.48834311074222,WWB,KKW50,PJ
Raumwärme,2035,204.51073352131127,WWB,KKW50,PJ
Raumwärme,2036,202.44317341677453,WWB,KKW50,PJ
Raumwärme,2037,200.52140621375767,WWB,KKW50,PJ
Raumwärme,2038,198.4710116485791,WWB,KKW50,PJ
Raumwärme,2039,196.54616573700935,WWB,KKW50,PJ
Raumwärme,2040,194.5388770334203,WWB,KKW50,PJ
Raumwärme,2041,192.72514913422438,WWB,KKW50,PJ
Raumwärme,2042,190.99449667110767,WWB,KKW50,PJ
Raumwärme,2043,189.24253213427463,WWB,KKW50,PJ
Raumwärme,2044,187.62038094867842,WWB,KKW50,PJ
Raumwärme,2045,186.02668655112876,WWB,KKW50,PJ
Raumwärme,2046,184.48499788519763,WWB,KKW50,PJ
Raumwärme,2047,182.90330040158162,WWB,KKW50,PJ
Raumwärme,2048,181.4137590787807,WWB,KKW50,PJ
Raumwärme,2049,180.03448483148384,WWB,KKW50,PJ
Raumwärme,2050,178.6717836098062,WWB,KKW50,PJ
Raumwärme,2051,177.24336239178905,WWB,KKW50,PJ
Raumwärme,2052,175.91111746447882,WWB,KKW50,PJ
Raumwärme,2053,174.73634296372123,WWB,KKW50,PJ
Raumwärme,2054,173.5713684665279,WWB,KKW50,PJ
Raumwärme,2055,172.3233496293411,WWB,KKW50,PJ
Raumwärme,2056,171.1912759458536,WWB,KKW50,PJ
Raumwärme,2057,170.07853136046555,WWB,KKW50,PJ
Raumwärme,2058,168.96990594727563,WWB,KKW50,PJ
Raumwärme,2059,167.88923648422025,WWB,KKW50,PJ
Raumwärme,2060,166.71245062263446,WWB,KKW50,PJ
Warmwasser,2000,45.849833862994124,WWB,KKW50,PJ
Warmwasser,2001,45.38583937938081,WWB,KKW50,PJ
Warmwasser,2002,45.63380851140442,WWB,KKW50,PJ
Warmwasser,2003,45.306657055922614,WWB,KKW50,PJ
Warmwasser,2004,45.5708619764671,WWB,KKW50,PJ
Warmwasser,2005,45.18175570981315,WWB,KKW50,PJ
Warmwasser,2006,45.293678045232085,WWB,KKW50,PJ
Warmwasser,2007,44.43827872129024,WWB,KKW50,PJ
Warmwasser,2008,44.30999809101878,WWB,KKW50,PJ
Warmwasser,2009,44.93032616541518,WWB,KKW50,PJ
Warmwasser,2010,44.80627842829122,WWB,KKW50,PJ
Warmwasser,2011,44.310492683231594,WWB,KKW50,PJ
Warmwasser,2012,44.49967484189943,WWB,KKW50,PJ
Warmwasser,2013,44.89331127487041,WWB,KKW50,PJ
Warmwasser,2014,44.4442718748877,WWB,KKW50,PJ
Warmwasser,2015,44.766113008968695,WWB,KKW50,PJ
Warmwasser,2016,44.618827542499666,WWB,KKW50,PJ
Warmwasser,2017,44.62974710918678,WWB,KKW50,PJ
Warmwasser,2018,44.34206326181014,WWB,KKW50,PJ
Warmwasser,2019,44.216033916013494,WWB,KKW50,PJ
Warmwasser,2020,43.359104274170235,WWB,KKW50,PJ
Warmwasser,2021,43.23429337478325,WWB,KKW50,PJ
Warmwasser,2022,43.15084962863463,WWB,KKW50,PJ
Warmwasser,2023,43.120305150615266,WWB,KKW50,PJ
Warmwasser,2024,42.93259885616265,WWB,KKW50,PJ
Warmwasser,2025,42.83076287034671,WWB,KKW50,PJ
Warmwasser,2026,42.748839009304,WWB,KKW50,PJ
Warmwasser,2027,42.562051826591585,WWB,KKW50,PJ
Warmwasser,2028,42.571678551113955,WWB,KKW50,PJ
Warmwasser,2029,42.578428844695814,WWB,KKW50,PJ
Warmwasser,2030,42.53036804245005,WWB,KKW50,PJ
Warmwasser,2031,42.54396849058358,WWB,KKW50,PJ
Warmwasser,2032,42.566204038712776,WWB,KKW50,PJ
Warmwasser,2033,42.61756956369469,WWB,KKW50,PJ
Warmwasser,2034,42.65186146693626,WWB,KKW50,PJ
Warmwasser,2035,42.696966413191305,WWB,KKW50,PJ
Warmwasser,2036,42.715127881851934,WWB,KKW50,PJ
Warmwasser,2037,42.6960463301635,WWB,KKW50,PJ
Warmwasser,2038,42.685775385987164,WWB,KKW50,PJ
Warmwasser,2039,42.67566961927716,WWB,KKW50,PJ
Warmwasser,2040,42.64142820464179,WWB,KKW50,PJ
Warmwasser,2041,42.62922989436087,WWB,KKW50,PJ
Warmwasser,2042,42.6233667564184,WWB,KKW50,PJ
Warmwasser,2043,42.59714738364516,WWB,KKW50,PJ
Warmwasser,2044,42.559068002893966,WWB,KKW50,PJ
Warmwasser,2045,42.52710608356362,WWB,KKW50,PJ
Warmwasser,2046,42.50398307065319,WWB,KKW50,PJ
Warmwasser,2047,42.48850246514821,WWB,KKW50,PJ
Warmwasser,2048,42.45733971655659,WWB,KKW50,PJ
Warmwasser,2049,42.414684690696205,WWB,KKW50,PJ
Warmwasser,2050,42.39790528595246,WWB,KKW50,PJ
Warmwasser,2051,42.35249626189023,WWB,KKW50,PJ
Warmwasser,2052,42.353769018099364,WWB,KKW50,PJ
Warmwasser,2053,42.342515868574615,WWB,KKW50,PJ
Warmwasser,2054,42.34886919628199,WWB,KKW50,PJ
Warmwasser,2055,42.34484292123298,WWB,KKW50,PJ
Warmwasser,2056,42.346449355871876,WWB,KKW50,PJ
Warmwasser,2057,42.34400015752243,WWB,KKW50,PJ
Warmwasser,2058,42.34590217365326,WWB,KKW50,PJ
Warmwasser,2059,42.35536042173003,WWB,KKW50,PJ
Warmwasser,2060,42.35857903016013,WWB,KKW50,PJ
Klimatisierung,2000,9.000608558318119,WWB,KKW50,PJ
Klimatisierung,2001,13.704406158557992,WWB,KKW50,PJ
Klimatisierung,2002,10.848626257791542,WWB,KKW50,PJ
Klimatisierung,2003,12.382864264873986,WWB,KKW50,PJ
Klimatisierung,2004,12.245311765898192,WWB,KKW50,PJ
Klimatisierung,2005,11.160643178036619,WWB,KKW50,PJ
Klimatisierung,2006,10.209301800868346,WWB,KKW50,PJ
Klimatisierung,2007,9.745876947898784,WWB,KKW50,PJ
Klimatisierung,2008,9.747612670922994,WWB,KKW50,PJ
Klimatisierung,2009,9.785062629702018,WWB,KKW50,PJ
Klimatisierung,2010,9.531203853733658,WWB,KKW50,PJ
Klimatisierung,2011,10.042404778444789,WWB,KKW50,PJ
Klimatisierung,2012,9.908190843736541,WWB,KKW50,PJ
Klimatisierung,2013,9.675784443533301,WWB,KKW50,PJ
Klimatisierung,2014,8.605126302243264,WWB,KKW50,PJ
Klimatisierung,2015,9.544942699335369,WWB,KKW50,PJ
Klimatisierung,2016,9.790526316248933,WWB,KKW50,PJ
Klimatisierung,2017,10.621672416366454,WWB,KKW50,PJ
Klimatisierung,2018,10.447655205831445,WWB,KKW50,PJ
Klimatisierung,2019,9.912079257366287,WWB,KKW50,PJ
Klimatisierung,2020,12.327249055174093,WWB,KKW50,PJ
Klimatisierung,2021,12.435621483373069,WWB,KKW50,PJ
Klimatisierung,2022,12.565317819239219,WWB,KKW50,PJ
Klimatisierung,2023,12.686276570100885,WWB,KKW50,PJ
Klimatisierung,2024,12.797688679290914,WWB,KKW50,PJ
Klimatisierung,2025,12.901853895100407,WWB,KKW50,PJ
Klimatisierung,2026,13.04856398268367,WWB,KKW50,PJ
Klimatisierung,2027,13.168555377200239,WWB,KKW50,PJ
Klimatisierung,2028,13.34508433458998,WWB,KKW50,PJ
Klimatisierung,2029,13.5095581195682,WWB,KKW50,PJ
Klimatisierung,2030,13.682692772206881,WWB,KKW50,PJ
Klimatisierung,2031,13.87007621761882,WWB,KKW50,PJ
Klimatisierung,2032,14.070557352345027,WWB,KKW50,PJ
Klimatisierung,2033,14.277547039135001,WWB,KKW50,PJ
Klimatisierung,2034,14.490953893844097,WWB,KKW50,PJ
Klimatisierung,2035,14.71390931310695,WWB,KKW50,PJ
Klimatisierung,2036,14.94165846488323,WWB,KKW50,PJ
Klimatisierung,2037,15.177765149443552,WWB,KKW50,PJ
Klimatisierung,2038,15.418523057867345,WWB,KKW50,PJ
Klimatisierung,2039,15.664217262535994,WWB,KKW50,PJ
Klimatisierung,2040,15.91830069297933,WWB,KKW50,PJ
Klimatisierung,2041,16.14118226175526,WWB,KKW50,PJ
Klimatisierung,2042,16.345602093091617,WWB,KKW50,PJ
Klimatisierung,2043,16.543450115889065,WWB,KKW50,PJ
Klimatisierung,2044,16.744197533888133,WWB,KKW50,PJ
Klimatisierung,2045,16.94080559187007,WWB,KKW50,PJ
Klimatisierung,2046,17.154094902217025,WWB,KKW50,PJ
Klimatisierung,2047,17.374656613826826,WWB,KKW50,PJ
Klimatisierung,2048,17.591422115640782,WWB,KKW50,PJ
Klimatisierung,2049,17.814042787909322,WWB,KKW50,PJ
Klimatisierung,2050,18.03001437404582,WWB,KKW50,PJ
Klimatisierung,2051,18.208098071114133,WWB,KKW50,PJ
Klimatisierung,2052,18.374791247678726,WWB,KKW50,PJ
Klimatisierung,2053,18.552754156637526,WWB,KKW50,PJ
Klimatisierung,2054,18.723366242570748,WWB,KKW50,PJ
Klimatisierung,2055,18.891064811748542,WWB,KKW50,PJ
Klimatisierung,2056,19.02308949371325,WWB,KKW50,PJ
Klimatisierung,2057,19.159091546464293,WWB,KKW50,PJ
Klimatisierung,2058,19.29107665082169,WWB,KKW50,PJ
Klimatisierung,2059,19.419075845780686,WWB,KKW50,PJ
Klimatisierung,2060,19.566322160935826,WWB,KKW50,PJ
Prozesswärme,2000,91.38347726789094,WWB,KKW50,PJ
Prozesswärme,2001,92.27455622901624,WWB,KKW50,PJ
Prozesswärme,2002,89.90848651400134,WWB,KKW50,PJ
Prozesswärme,2003,88.89707171286669,WWB,KKW50,PJ
Prozesswärme,2004,91.11029071783611,WWB,KKW50,PJ
Prozesswärme,2005,91.8026250554447,WWB,KKW50,PJ
Prozesswärme,2006,95.26748655920345,WWB,KKW50,PJ
Prozesswärme,2007,98.3950938145633,WWB,KKW50,PJ
Prozesswärme,2008,96.91203224669154,WWB,KKW50,PJ
Prozesswärme,2009,88.08550338659958,WWB,KKW50,PJ
Prozesswärme,2010,89.3854308452672,WWB,KKW50,PJ
Prozesswärme,2011,92.00477569008129,WWB,KKW50,PJ
Prozesswärme,2012,92.02281095459915,WWB,KKW50,PJ
Prozesswärme,2013,89.44102392074434,WWB,KKW50,PJ
Prozesswärme,2014,93.18011989545495,WWB,KKW50,PJ
Prozesswärme,2015,87.55038119217674,WWB,KKW50,PJ
Prozesswärme,2016,85.97715488863896,WWB,KKW50,PJ
Prozesswärme,2017,87.68040598546952,WWB,KKW50,PJ
Prozesswärme,2018,87.70518293931764,WWB,KKW50,PJ
Prozesswärme,2019,86.029618593311,WWB,KKW50,PJ
Prozesswärme,2020,86.46043725814424,WWB,KKW50,PJ
Prozesswärme,2021,86.2920639590607,WWB,KKW50,PJ
Prozesswärme,2022,86.13162632596568,WWB,KKW50,PJ
Prozesswärme,2023,85.98196660276015,WWB,KKW50,PJ
Prozesswärme,2024,85.84450958652504,WWB,KKW50,PJ
Prozesswärme,2025,85.71533911700979,WWB,KKW50,PJ
Prozesswärme,2026,85.52444759563227,WWB,KKW50,PJ
Prozesswärme,2027,85.33743414403945,WWB,KKW50,PJ
Prozesswärme,2028,85.15916419272835,WWB,KKW50,PJ
Prozesswärme,2029,84.99613885256008,WWB,KKW50,PJ
Prozesswärme,2030,84.85620802154779,WWB,KKW50,PJ
Prozesswärme,2031,84.7311453737671,WWB,KKW50,PJ
Prozesswärme,2032,84.6334453006107,WWB,KKW50,PJ
Prozesswärme,2033,84.5620277345808,WWB,KKW50,PJ
Prozesswärme,2034,84.51649998973427,WWB,KKW50,PJ
Prozesswärme,2035,84.4956489437903,WWB,KKW50,PJ
Prozesswärme,2036,84.42296723714291,WWB,KKW50,PJ
Prozesswärme,2037,84.35783275225066,WWB,KKW50,PJ
Prozesswärme,2038,84.30488227388074,WWB,KKW50,PJ
Prozesswärme,2039,84.25860908301024,WWB,KKW50,PJ
Prozesswärme,2040,84.21518600337443,WWB,KKW50,PJ
Prozesswärme,2041,84.11794300809156,WWB,KKW50,PJ
Prozesswärme,2042,84.02132636144448,WWB,KKW50,PJ
Prozesswärme,2043,83.92622994921327,WWB,KKW50,PJ
Prozesswärme,2044,83.83518678811232,WWB,KKW50,PJ
Prozesswärme,2045,83.7493969253607,WWB,KKW50,PJ
Prozesswärme,2046,83.62273161456065,WWB,KKW50,PJ
Prozesswärme,2047,83.50507847966148,WWB,KKW50,PJ
Prozesswärme,2048,83.3962973936953,WWB,KKW50,PJ
Prozesswärme,2049,83.29738054219801,WWB,KKW50,PJ
Prozesswärme,2050,83.20965762940449,WWB,KKW50,PJ
Prozesswärme,2051,83.10207989398509,WWB,KKW50,PJ
Prozesswärme,2052,83.00885253311677,WWB,KKW50,PJ
Prozesswärme,2053,82.93041768335799,WWB,KKW50,PJ
Prozesswärme,2054,82.86708178277321,WWB,KKW50,PJ
Prozesswärme,2055,82.8180772104791,WWB,KKW50,PJ
Prozesswärme,2056,82.7957626461697,WWB,KKW50,PJ
Prozesswärme,2057,82.7851590212183,WWB,KKW50,PJ
Prozesswärme,2058,82.78421164969811,WWB,KKW50,PJ
Prozesswärme,2059,82.79155870748461,WWB,KKW50,PJ
Prozesswärme,2060,82.80530327774797,WWB,KKW50,PJ
Prozesskälte,2000,4.029639346086538,WWB,KKW50,PJ
Prozesskälte,2001,6.069754107621884,WWB,KKW50,PJ
Prozesskälte,2002,4.491412197820164,WWB,KKW50,PJ
Prozesskälte,2003,4.606859068698662,WWB,KKW50,PJ
Prozesskälte,2004,4.971084461715686,WWB,KKW50,PJ
Prozesskälte,2005,4.429383571276728,WWB,KKW50,PJ
Prozesskälte,2006,4.183411919438365,WWB,KKW50,PJ
Prozesskälte,2007,4.223814409472058,WWB,KKW50,PJ
Prozesskälte,2008,4.609350510223597,WWB,KKW50,PJ
Prozesskälte,2009,4.83543804070348,WWB,KKW50,PJ
Prozesskälte,2010,4.727592015698615,WWB,KKW50,PJ
Prozesskälte,2011,4.867735213815654,WWB,KKW50,PJ
Prozesskälte,2012,4.944724968722786,WWB,KKW50,PJ
Prozesskälte,2013,5.282145477229051,WWB,KKW50,PJ
Prozesskälte,2014,4.762088617614811,WWB,KKW50,PJ
Prozesskälte,2015,4.6654264946144,WWB,KKW50,PJ
Prozesskälte,2016,4.908833831592082,WWB,KKW50,PJ
Prozesskälte,2017,5.3952031646910665,WWB,KKW50,PJ
Prozesskälte,2018,4.620570429966709,WWB,KKW50,PJ
Prozesskälte,2019,4.559817131100993,WWB,KKW50,PJ
Prozesskälte,2020,2.698191217334896,WWB,KKW50,PJ
Prozesskälte,2021,2.705625053078386,WWB,KKW50,PJ
Prozesskälte,2022,2.713187080288496,WWB,KKW50,PJ
Prozesskälte,2023,2.7209095413115234,WWB,KKW50,PJ
Prozesskälte,2024,2.7287134041403824,WWB,KKW50,PJ
Prozesskälte,2025,2.736610433644198,WWB,KKW50,PJ
Prozesskälte,2026,2.743682547548226,WWB,KKW50,PJ
Prozesskälte,2027,2.750731763034832,WWB,KKW50,PJ
Prozesskälte,2028,2.757752706355036,WWB,KKW50,PJ
Prozesskälte,2029,2.764775853873586,WWB,KKW50,PJ
Prozesskälte,2030,2.771803068394114,WWB,KKW50,PJ
Prozesskälte,2031,2.778954190573645,WWB,KKW50,PJ
Prozesskälte,2032,2.785887482455365,WWB,KKW50,PJ
Prozesskälte,2033,2.792498082640142,WWB,KKW50,PJ
Prozesskälte,2034,2.7986614083958683,WWB,KKW50,PJ
Prozesskälte,2035,2.8043627077048474,WWB,KKW50,PJ
Prozesskälte,2036,2.8090148138895428,WWB,KKW50,PJ
Prozesskälte,2037,2.8129307357736533,WWB,KKW50,PJ
Prozesskälte,2038,2.8165083185448765,WWB,KKW50,PJ
Prozesskälte,2039,2.8198338996359866,WWB,KKW50,PJ
Prozesskälte,2040,2.822997459395831,WWB,KKW50,PJ
Prozesskälte,2041,2.824808171351746,WWB,KKW50,PJ
Prozesskälte,2042,2.826570485335906,WWB,KKW50,PJ
Prozesskälte,2043,2.828303491566994,WWB,KKW50,PJ
Prozesskälte,2044,2.8300156132297625,WWB,KKW50,PJ
Prozesskälte,2045,2.831714381226713,WWB,KKW50,PJ
Prozesskälte,2046,2.8322791249917243,WWB,KKW50,PJ
Prozesskälte,2047,2.8328746757190664,WWB,KKW50,PJ
Prozesskälte,2048,2.8334663321495017,WWB,KKW50,PJ
Prozesskälte,2049,2.834066142365116,WWB,KKW50,PJ
Prozesskälte,2050,2.8346559661825506,WWB,KKW50,PJ
Prozesskälte,2051,2.834478858939469,WWB,KKW50,PJ
Prozesskälte,2052,2.8342966246771706,WWB,KKW50,PJ
Prozesskälte,2053,2.834128700945141,WWB,KKW50,PJ
Prozesskälte,2054,2.8339593330556467,WWB,KKW50,PJ
Prozesskälte,2055,2.833802930149561,WWB,KKW50,PJ
Prozesskälte,2056,2.833950371765928,WWB,KKW50,PJ
Prozesskälte,2057,2.8341012874971145,WWB,KKW50,PJ
Prozesskälte,2058,2.834235981803087,WWB,KKW50,PJ
Prozesskälte,2059,2.8343699624899745,WWB,KKW50,PJ
Prozesskälte,2060,2.834501695022072,WWB,KKW50,PJ
Summe,2000,409.1973895256795,WWB,KKW50,PJ
Summe,2001,435.70024462396105,WWB,KKW50,PJ
Summe,2002,411.6778612360032,WWB,KKW50,PJ
Summe,2003,432.3685567188297,WWB,KKW50,PJ
Summe,2004,432.9745433160678,WWB,KKW50,PJ
Summe,2005,440.6585319930081,WWB,KKW50,PJ
Summe,2006,432.206007182677,WWB,KKW50,PJ
Summe,2007,400.59373107026386,WWB,KKW50,PJ
Summe,2008,422.5457327190382,WWB,KKW50,PJ
Summe,2009,411.27447495099943,WWB,KKW50,PJ
Summe,2010,442.62725105861387,WWB,KKW50,PJ
Summe,2011,381.46770654209183,WWB,KKW50,PJ
Summe,2012,410.66556812217044,WWB,KKW50,PJ
Summe,2013,433.97586781685635,WWB,KKW50,PJ
Summe,2014,367.19805754818407,WWB,KKW50,PJ
Summe,2015,385.9246914308968,WWB,KKW50,PJ
Summe,2016,400.2909808899185,WWB,KKW50,PJ
Summe,2017,395.5579322812062,WWB,KKW50,PJ
Summe,2018,371.93921098387483,WWB,KKW50,PJ
Summe,2019,376.55985095466775,WWB,KKW50,PJ
Summe,2020,385.91932741473914,WWB,KKW50,PJ
Summe,2021,382.9260643708923,WWB,KKW50,PJ
Summe,2022,379.94449234000365,WWB,KKW50,PJ
Summe,2023,377.0932791157762,WWB,KKW50,PJ
Summe,2024,374.35139395809597,WWB,KKW50,PJ
Summe,2025,371.5065738697413,WWB,KKW50,PJ
Summe,2026,368.67516755339705,WWB,KKW50,PJ
Summe,2027,365.8679094049152,WWB,KKW50,PJ
Summe,2028,363.49977464735025,WWB,KKW50,PJ
Summe,2029,361.196773053617,WWB,KKW50,PJ
Summe,2030,358.9331414947317,WWB,KKW50,PJ
Summe,2031,356.8949043128145,WWB,KKW50,PJ
Summe,2032,354.78277832401966,WWB,KKW50,PJ
Summe,2033,352.8802814539953,WWB,KKW50,PJ
Summe,2034,350.94631986965265,WWB,KKW50,PJ
Summe,2035,349.22162089910466,WWB,KKW50,PJ
Summe,2036,347.3319418145421,WWB,KKW50,PJ
Summe,2037,345.565981181389,WWB,KKW50,PJ
Summe,2038,343.6967006848592,WWB,KKW50,PJ
Summe,2039,341.96449560146874,WWB,KKW50,PJ
Summe,2040,340.1367893938117,WWB,KKW50,PJ
Summe,2041,338.4383124697838,WWB,KKW50,PJ
Summe,2042,336.81136236739803,WWB,KKW50,PJ
Summe,2043,335.1376630745891,WWB,KKW50,PJ
Summe,2044,333.5888488868026,WWB,KKW50,PJ
Summe,2045,332.0757095331499,WWB,KKW50,PJ
Summe,2046,330.5980865976202,WWB,KKW50,PJ
Summe,2047,329.10441263593714,WWB,KKW50,PJ
Summe,2048,327.6922846368229,WWB,KKW50,PJ
Summe,2049,326.3946589946525,WWB,KKW50,PJ
Summe,2050,325.1440168653915,WWB,KKW50,PJ
Summe,2051,323.74051547771796,WWB,KKW50,PJ
Summe,2052,322.48282688805085,WWB,KKW50,PJ
Summe,2053,321.3961593732365,WWB,KKW50,PJ
Summe,2054,320.3446450212095,WWB,KKW50,PJ
Summe,2055,319.21113750295126,WWB,KKW50,PJ
Summe,2056,318.19052781337433,WWB,KKW50,PJ
Summe,2057,317.2008833731677,WWB,KKW50,PJ
Summe,2058,316.22533240325174,WWB,KKW50,PJ
Summe,2059,315.2896014217056,WWB,KKW50,PJ
Summe,2060,314.2771567865005,WWB,KKW50,PJ
Raumwärme,2000,258.8641259418342,ZERO-Basis,KKW50,PJ
Raumwärme,2001,278.10446419052755,ZERO-Basis,KKW50,PJ
Raumwärme,2002,260.6220370846007,ZERO-Basis,KKW50,PJ
Raumwärme,2003,280.98391280490915,ZERO-Basis,KKW50,PJ
Raumwärme,2004,278.8809533151707,ZERO-Basis,KKW50,PJ
Raumwärme,2005,287.9099312507165,ZERO-Basis,KKW50,PJ
Raumwärme,2006,277.15378446653125,ZERO-Basis,KKW50,PJ
Raumwärme,2007,243.70652237041472,ZERO-Basis,KKW50,PJ
Raumwärme,2008,266.9296254457976,ZERO-Basis,KKW50,PJ
Raumwärme,2009,263.6947812553705,ZERO-Basis,KKW50,PJ
Raumwärme,2010,294.2686647446961,ZERO-Basis,KKW50,PJ
Raumwärme,2011,230.3092067049549,ZERO-Basis,KKW50,PJ
Raumwärme,2012,259.4121048165007,ZERO-Basis,KKW50,PJ
Raumwärme,2013,284.84513312840926,ZERO-Basis,KKW50,PJ
Raumwärme,2014,216.36247550266447,ZERO-Basis,KKW50,PJ
Raumwärme,2015,239.58340222439668,ZERO-Basis,KKW50,PJ
Raumwärme,2016,255.23508191242837,ZERO-Basis,KKW50,PJ
Raumwärme,2017,247.46044810615888,ZERO-Basis,KKW50,PJ
Raumwärme,2018,225.033577043359,ZERO-Basis,KKW50,PJ
Raumwärme,2019,232.13771375277506,ZERO-Basis,KKW50,PJ
Raumwärme,2020,241.36041749943877,ZERO-Basis,KKW50,PJ
Raumwärme,2021,237.66425698787967,ZERO-Basis,KKW50,PJ
Raumwärme,2022,233.86880105200834,ZERO-Basis,KKW50,PJ
Raumwärme,2023,230.33126425991793,ZERO-Basis,KKW50,PJ
Raumwärme,2024,227.25727431881336,ZERO-Basis,KKW50,PJ
Raumwärme,2025,223.805339993853,ZERO-Basis,KKW50,PJ
Raumwärme,2026,220.62237583150758,ZERO-Basis,KKW50,PJ
Raumwärme,2027,217.58717962214214,ZERO-Basis,KKW50,PJ
Raumwärme,2028,214.2775539190801,ZERO-Basis,KKW50,PJ
Raumwärme,2029,211.18295853128586,ZERO-Basis,KKW50,PJ
Raumwärme,2030,208.23470174173232,ZERO-Basis,KKW50,PJ
Raumwärme,2031,205.54220106551992,ZERO-Basis,KKW50,PJ
Raumwärme,2032,202.56627947919722,ZERO-Basis,KKW50,PJ
Raumwärme,2033,199.85963639791208,ZERO-Basis,KKW50,PJ
Raumwärme,2034,196.9207421208328,ZERO-Basis,KKW50,PJ
Raumwärme,2035,194.2177827660179,ZERO-Basis,KKW50,PJ
Raumwärme,2036,191.2748873889407,ZERO-Basis,KKW50,PJ
Raumwärme,2037,188.5387857589634,ZERO-Basis,KKW50,PJ
Raumwärme,2038,185.80811297811627,ZERO-Basis,KKW50,PJ
Raumwärme,2039,183.32717221237087,ZERO-Basis,KKW50,PJ
Raumwärme,2040,180.70779463636345,ZERO-Basis,KKW50,PJ
Raumwärme,2041,178.43334741200013,ZERO-Basis,KKW50,PJ
Raumwärme,2042,176.23405994194744,ZERO-Basis,KKW50,PJ
Raumwärme,2043,174.1583970405562,ZERO-Basis,KKW50,PJ
Raumwärme,2044,172.17988675050597,ZERO-Basis,KKW50,PJ
Raumwärme,2045,170.33879297690262,ZERO-Basis,KKW50,PJ
Raumwärme,2046,168.5966226670452,ZERO-Basis,KKW50,PJ
Raumwärme,2047,166.91120669341848,ZERO-Basis,KKW50,PJ
Raumwärme,2048,165.22032948869247,ZERO-Basis,KKW50,PJ
Raumwärme,2049,163.66482528895207,ZERO-Basis,KKW50,PJ
Raumwärme,2050,162.17358851030528,ZERO-Basis,KKW50,PJ
Raumwärme,2051,160.73089268278943,ZERO-Basis,KKW50,PJ
Raumwärme,2052,159.4668586242285,ZERO-Basis,KKW50,PJ
Raumwärme,2053,158.2042679726318,ZERO-Basis,KKW50,PJ
Raumwärme,2054,156.97698068195515,ZERO-Basis,KKW50,PJ
Raumwärme,2055,155.81072928236668,ZERO-Basis,KKW50,PJ
Raumwärme,2056,154.70587047870993,ZERO-Basis,KKW50,PJ
Raumwärme,2057,153.57441773255516,ZERO-Basis,KKW50,PJ
Raumwärme,2058,152.47617133221587,ZERO-Basis,KKW50,PJ
Raumwärme,2059,151.50494631308595,ZERO-Basis,KKW50,PJ
Raumwärme,2060,150.43403065192706,ZERO-Basis,KKW50,PJ
Warmwasser,2000,45.97608973631923,ZERO-Basis,KKW50,PJ
Warmwasser,2001,45.55630613098744,ZERO-Basis,KKW50,PJ
Warmwasser,2002,45.81608314696043,ZERO-Basis,KKW50,PJ
Warmwasser,2003,45.503341221686604,ZERO-Basis,KKW50,PJ
Warmwasser,2004,45.782746683514546,ZERO-Basis,KKW50,PJ
Warmwasser,2005,45.365947891609046,ZERO-Basis,KKW50,PJ
Warmwasser,2006,45.466284697917075,ZERO-Basis,KKW50,PJ
Warmwasser,2007,44.577226626581776,ZERO-Basis,KKW50,PJ
Warmwasser,2008,44.4330662146242,ZERO-Basis,KKW50,PJ
Warmwasser,2009,45.04767468412526,ZERO-Basis,KKW50,PJ
Warmwasser,2010,44.909773979952824,ZERO-Basis,KKW50,PJ
Warmwasser,2011,44.41643227571504,ZERO-Basis,KKW50,PJ
Warmwasser,2012,44.58373684607611,ZERO-Basis,KKW50,PJ
Warmwasser,2013,44.994302700095936,ZERO-Basis,KKW50,PJ
Warmwasser,2014,44.51805784483566,ZERO-Basis,KKW50,PJ
Warmwasser,2015,44.822387978431614,ZERO-Basis,KKW50,PJ
Warmwasser,2016,44.57436239724119,ZERO-Basis,KKW50,PJ
Warmwasser,2017,44.5899053293647,ZERO-Basis,KKW50,PJ
Warmwasser,2018,44.30081811296253,ZERO-Basis,KKW50,PJ
Warmwasser,2019,44.11281169141697,ZERO-Basis,KKW50,PJ
Warmwasser,2020,43.29614721277002,ZERO-Basis,KKW50,PJ
Warmwasser,2021,43.00607779059007,ZERO-Basis,KKW50,PJ
Warmwasser,2022,42.5774963003083,ZERO-Basis,KKW50,PJ
Warmwasser,2023,42.24414587136203,ZERO-Basis,KKW50,PJ
Warmwasser,2024,41.927922359984265,ZERO-Basis,KKW50,PJ
Warmwasser,2025,41.670997528980074,ZERO-Basis,KKW50,PJ
Warmwasser,2026,41.39436189611132,ZERO-Basis,KKW50,PJ
Warmwasser,2027,41.122214165567094,ZERO-Basis,KKW50,PJ
Warmwasser,2028,40.908096044400025,ZERO-Basis,KKW50,PJ
Warmwasser,2029,40.739283652605735,ZERO-Basis,KKW50,PJ
Warmwasser,2030,40.45562639108316,ZERO-Basis,KKW50,PJ
Warmwasser,2031,40.33073169188985,ZERO-Basis,KKW50,PJ
Warmwasser,2032,40.17977612290332,ZERO-Basis,KKW50,PJ
Warmwasser,2033,40.06283838233069,ZERO-Basis,KKW50,PJ
Warmwasser,2034,39.93553875072743,ZERO-Basis,KKW50,PJ
Warmwasser,2035,39.81018083172435,ZERO-Basis,KKW50,PJ
Warmwasser,2036,39.741732128901816,ZERO-Basis,KKW50,PJ
Warmwasser,2037,39.61933385135546,ZERO-Basis,KKW50,PJ
Warmwasser,2038,39.47759975694389,ZERO-Basis,KKW50,PJ
Warmwasser,2039,39.36945400270582,ZERO-Basis,KKW50,PJ
Warmwasser,2040,39.234937498613796,ZERO-Basis,KKW50,PJ
Warmwasser,2041,39.117088503041614,ZERO-Basis,KKW50,PJ
Warmwasser,2042,39.03965219076848,ZERO-Basis,KKW50,PJ
Warmwasser,2043,38.931553447586396,ZERO-Basis,KKW50,PJ
Warmwasser,2044,38.79132027806022,ZERO-Basis,KKW50,PJ
Warmwasser,2045,38.69540718488849,ZERO-Basis,KKW50,PJ
Warmwasser,2046,38.59611714407092,ZERO-Basis,KKW50,PJ
Warmwasser,2047,38.469048490421294,ZERO-Basis,KKW50,PJ
Warmwasser,2048,38.4166187878142,ZERO-Basis,KKW50,PJ
Warmwasser,2049,38.30884423713452,ZERO-Basis,KKW50,PJ
Warmwasser,2050,38.25815453576022,ZERO-Basis,KKW50,PJ
Warmwasser,2051,38.18824340659035,ZERO-Basis,KKW50,PJ
Warmwasser,2052,38.13528442129255,ZERO-Basis,KKW50,PJ
Warmwasser,2053,38.0609618046458,ZERO-Basis,KKW50,PJ
Warmwasser,2054,37.986527190059846,ZERO-Basis,KKW50,PJ
Warmwasser,2055,37.949343078701304,ZERO-Basis,KKW50,PJ
Warmwasser,2056,37.880661190615,ZERO-Basis,KKW50,PJ
Warmwasser,2057,37.75427177021349,ZERO-Basis,KKW50,PJ
Warmwasser,2058,37.75056804432968,ZERO-Basis,KKW50,PJ
Warmwasser,2059,37.715905993548624,ZERO-Basis,KKW50,PJ
Warmwasser,2060,37.704109847356015,ZERO-Basis,KKW50,PJ
Klimatisierung1),2000,8.773949791480678,ZERO-Basis,KKW50,PJ
Klimatisierung1),2001,13.486003661334385,ZERO-Basis,KKW50,PJ
Klimatisierung1),2002,10.631048991593751,ZERO-Basis,KKW50,PJ
Klimatisierung1),2003,12.129163441823046,ZERO-Basis,KKW50,PJ
Klimatisierung1),2004,11.99747076768908,ZERO-Basis,KKW50,PJ
Klimatisierung1),2005,10.923607929352753,ZERO-Basis,KKW50,PJ
Klimatisierung1),2006,9.98551899052168,ZERO-Basis,KKW50,PJ
Klimatisierung1),2007,9.57318582491821,ZERO-Basis,KKW50,PJ
Klimatisierung1),2008,9.575612049292316,ZERO-Basis,KKW50,PJ
Klimatisierung1),2009,9.640435400016736,ZERO-Basis,KKW50,PJ
Klimatisierung1),2010,9.369417010162003,ZERO-Basis,KKW50,PJ
Klimatisierung1),2011,9.87880077364842,ZERO-Basis,KKW50,PJ
Klimatisierung1),2012,9.732655817661437,ZERO-Basis,KKW50,PJ
Klimatisierung1),2013,9.510803459262776,ZERO-Basis,KKW50,PJ
Klimatisierung1),2014,8.408152778202844,ZERO-Basis,KKW50,PJ
Klimatisierung1),2015,9.347055920982932,ZERO-Basis,KKW50,PJ
Klimatisierung1),2016,9.589161855639787,ZERO-Basis,KKW50,PJ
Klimatisierung1),2017,10.423405613435554,ZERO-Basis,KKW50,PJ
Klimatisierung1),2018,10.240832636859645,ZERO-Basis,KKW50,PJ
Klimatisierung1),2019,9.699029878259138,ZERO-Basis,KKW50,PJ
Klimatisierung1),2020,11.969401229114368,ZERO-Basis,KKW50,PJ
Klimatisierung1),2021,12.03202176237474,ZERO-Basis,KKW50,PJ
Klimatisierung1),2022,12.11443549545597,ZERO-Basis,KKW50,PJ
Klimatisierung1),2023,12.200344189462903,ZERO-Basis,KKW50,PJ
Klimatisierung1),2024,12.253029888057927,ZERO-Basis,KKW50,PJ
Klimatisierung1),2025,12.304705177419502,ZERO-Basis,KKW50,PJ
Klimatisierung1),2026,12.360324848727167,ZERO-Basis,KKW50,PJ
Klimatisierung1),2027,12.406164332668503,ZERO-Basis,KKW50,PJ
Klimatisierung1),2028,12.471005896889263,ZERO-Basis,KKW50,PJ
Klimatisierung1),2029,12.545971424692734,ZERO-Basis,KKW50,PJ
Klimatisierung1),2030,12.61760751501475,ZERO-Basis,KKW50,PJ
Klimatisierung1),2031,12.623238484298607,ZERO-Basis,KKW50,PJ
Klimatisierung1),2032,12.707801991527104,ZERO-Basis,KKW50,PJ
Klimatisierung1),2033,12.781348143495997,ZERO-Basis,KKW50,PJ
Klimatisierung1),2034,12.833804195957363,ZERO-Basis,KKW50,PJ
Klimatisierung1),2035,12.914964592933137,ZERO-Basis,KKW50,PJ
Klimatisierung1),2036,12.991824092229695,ZERO-Basis,KKW50,PJ
Klimatisierung1),2037,13.060516079963762,ZERO-Basis,KKW50,PJ
Klimatisierung1),2038,13.123565107512295,ZERO-Basis,KKW50,PJ
Klimatisierung1),2039,13.210836650680156,ZERO-Basis,KKW50,PJ
Klimatisierung1),2040,13.31498236074339,ZERO-Basis,KKW50,PJ
Klimatisierung1),2041,13.369445285874615,ZERO-Basis,KKW50,PJ
Klimatisierung1),2042,13.423465451853552,ZERO-Basis,KKW50,PJ
Klimatisierung1),2043,13.501928808584768,ZERO-Basis,KKW50,PJ
Klimatisierung1),2044,13.571710495361327,ZERO-Basis,KKW50,PJ
Klimatisierung1),2045,13.629792116945868,ZERO-Basis,KKW50,PJ
Klimatisierung1),2046,13.692969619952361,ZERO-Basis,KKW50,PJ
Klimatisierung1),2047,13.74654276512015,ZERO-Basis,KKW50,PJ
Klimatisierung1),2048,13.812158720155594,ZERO-Basis,KKW50,PJ
Klimatisierung1),2049,13.890723544515964,ZERO-Basis,KKW50,PJ
Klimatisierung1),2050,13.965777092302542,ZERO-Basis,KKW50,PJ
Klimatisierung1),2051,14.010213961305993,ZERO-Basis,KKW50,PJ
Klimatisierung1),2052,14.052453154403537,ZERO-Basis,KKW50,PJ
Klimatisierung1),2053,14.103490110962877,ZERO-Basis,KKW50,PJ
Klimatisierung1),2054,14.13515478922658,ZERO-Basis,KKW50,PJ
Klimatisierung1),2055,14.182891423855704,ZERO-Basis,KKW50,PJ
Klimatisierung1),2056,14.204582725646748,ZERO-Basis,KKW50,PJ
Klimatisierung1),2057,14.220014577313783,ZERO-Basis,KKW50,PJ
Klimatisierung1),2058,14.23951754565778,ZERO-Basis,KKW50,PJ
Klimatisierung1),2059,14.27931484760224,ZERO-Basis,KKW50,PJ
Klimatisierung1),2060,14.306732556891848,ZERO-Basis,KKW50,PJ
Prozesswärme,2000,91.38541368879547,ZERO-Basis,KKW50,PJ
Prozesswärme,2001,92.2762893873432,ZERO-Basis,KKW50,PJ
Prozesswärme,2002,89.90998815213712,ZERO-Basis,KKW50,PJ
Prozesswärme,2003,88.8986042661724,ZERO-Basis,KKW50,PJ
Prozesswärme,2004,91.11159255700825,ZERO-Basis,KKW50,PJ
Prozesswärme,2005,91.80420827082277,ZERO-Basis,KKW50,PJ
Prozesswärme,2006,95.26852508265821,ZERO-Basis,KKW50,PJ
Prozesswärme,2007,98.39571528150836,ZERO-Basis,KKW50,PJ
Prozesswärme,2008,96.91227851257368,ZERO-Basis,KKW50,PJ
Prozesswärme,2009,88.08527142264907,ZERO-Basis,KKW50,PJ
Prozesswärme,2010,89.38519971525176,ZERO-Basis,KKW50,PJ
Prozesswärme,2011,92.00377388266969,ZERO-Basis,KKW50,PJ
Prozesswärme,2012,92.02156768728767,ZERO-Basis,KKW50,PJ
Prozesswärme,2013,89.4389532273783,ZERO-Basis,KKW50,PJ
Prozesswärme,2014,93.17797589781054,ZERO-Basis,KKW50,PJ
Prozesswärme,2015,87.54804689889075,ZERO-Basis,KKW50,PJ
Prozesswärme,2016,85.97446305371908,ZERO-Basis,KKW50,PJ
Prozesswärme,2017,87.67769974843952,ZERO-Basis,KKW50,PJ
Prozesswärme,2018,87.82767950643478,ZERO-Basis,KKW50,PJ
Prozesswärme,2019,86.18574596681256,ZERO-Basis,KKW50,PJ
Prozesswärme,2020,86.04805619662854,ZERO-Basis,KKW50,PJ
Prozesswärme,2021,85.2530905237069,ZERO-Basis,KKW50,PJ
Prozesswärme,2022,84.47103056310247,ZERO-Basis,KKW50,PJ
Prozesswärme,2023,83.70422615946929,ZERO-Basis,KKW50,PJ
Prozesswärme,2024,82.95353772136686,ZERO-Basis,KKW50,PJ
Prozesswärme,2025,82.21461592366009,ZERO-Basis,KKW50,PJ
Prozesswärme,2026,81.41994975296852,ZERO-Basis,KKW50,PJ
Prozesswärme,2027,80.6328806933585,ZERO-Basis,KKW50,PJ
Prozesswärme,2028,79.85753860281726,ZERO-Basis,KKW50,PJ
Prozesswärme,2029,79.09917085626132,ZERO-Basis,KKW50,PJ
Prozesswärme,2030,78.35459108936213,ZERO-Basis,KKW50,PJ
Prozesswärme,2031,77.63997623025782,ZERO-Basis,KKW50,PJ
Prozesswärme,2032,76.94131486435771,ZERO-Basis,KKW50,PJ
Prozesswärme,2033,76.26690462669653,ZERO-Basis,KKW50,PJ
Prozesswärme,2034,75.61601622293993,ZERO-Basis,KKW50,PJ
Prozesswärme,2035,74.98128238051088,ZERO-Basis,KKW50,PJ
Prozesswärme,2036,74.31196718085542,ZERO-Basis,KKW50,PJ
Prozesswärme,2037,73.64489205358144,ZERO-Basis,KKW50,PJ
Prozesswärme,2038,72.9918279107329,ZERO-Basis,KKW50,PJ
Prozesswärme,2039,72.349327382357,ZERO-Basis,KKW50,PJ
Prozesswärme,2040,71.71210389042866,ZERO-Basis,KKW50,PJ
Prozesswärme,2041,71.05187332489714,ZERO-Basis,KKW50,PJ
Prozesswärme,2042,70.3985835756799,ZERO-Basis,KKW50,PJ
Prozesswärme,2043,69.75945070841091,ZERO-Basis,KKW50,PJ
Prozesswärme,2044,69.13741365334965,ZERO-Basis,KKW50,PJ
Prozesswärme,2045,68.52956317279832,ZERO-Basis,KKW50,PJ
Prozesswärme,2046,67.9157711443704,ZERO-Basis,KKW50,PJ
Prozesswärme,2047,67.3219626337105,ZERO-Basis,KKW50,PJ
Prozesswärme,2048,66.74932537212328,ZERO-Basis,KKW50,PJ
Prozesswärme,2049,66.19781994179381,ZERO-Basis,KKW50,PJ
Prozesswärme,2050,65.66294951338337,ZERO-Basis,KKW50,PJ
Prozesswärme,2051,65.13204172187872,ZERO-Basis,KKW50,PJ
Prozesswärme,2052,64.61780436547427,ZERO-Basis,KKW50,PJ
Prozesswärme,2053,64.12360834947738,ZERO-Basis,KKW50,PJ
Prozesswärme,2054,63.648328353301444,ZERO-Basis,KKW50,PJ
Prozesswärme,2055,63.185285702634886,ZERO-Basis,KKW50,PJ
Prozesswärme,2056,62.757457169553945,ZERO-Basis,KKW50,PJ
Prozesswärme,2057,62.33736549955586,ZERO-Basis,KKW50,PJ
Prozesswärme,2058,61.92855596546864,ZERO-Basis,KKW50,PJ
Prozesswärme,2059,61.52962981362072,ZERO-Basis,KKW50,PJ
Prozesswärme,2060,61.13449820949088,ZERO-Basis,KKW50,PJ
Prozesskälte2),2000,3.924513646517945,ZERO-Basis,KKW50,PJ
Prozesskälte2),2001,5.967741260532896,ZERO-Basis,KKW50,PJ
Prozesskälte2),2002,4.3971305382524815,ZERO-Basis,KKW50,PJ
Prozesskälte2),2003,4.507939604556762,ZERO-Basis,KKW50,PJ
Prozesskälte2),2004,4.8650269903296985,ZERO-Basis,KKW50,PJ
Prozesskälte2),2005,4.330334089248005,ZERO-Basis,KKW50,PJ
Prozesskälte2),2006,4.08631664943739,ZERO-Basis,KKW50,PJ
Prozesskälte2),2007,4.144349367259095,ZERO-Basis,KKW50,PJ
Prozesskälte2),2008,4.522505995993295,ZERO-Basis,KKW50,PJ
Prozesskälte2),2009,4.758293674896885,ZERO-Basis,KKW50,PJ
Prozesskälte2),2010,4.641257696522533,ZERO-Basis,KKW50,PJ
Prozesskälte2),2011,4.782748906903725,ZERO-Basis,KKW50,PJ
Prozesskälte2),2012,4.851044752446353,ZERO-Basis,KKW50,PJ
Prozesskälte2),2013,5.185764803824343,ZERO-Basis,KKW50,PJ
Prozesskälte2),2014,4.647230853017745,ZERO-Basis,KKW50,PJ
Prozesskälte2),2015,4.560391130803874,ZERO-Basis,KKW50,PJ
Prozesskälte2),2016,4.80054404025821,ZERO-Basis,KKW50,PJ
Prozesskälte2),2017,5.285237475880934,ZERO-Basis,KKW50,PJ
Prozesskälte2),2018,4.5216651953169125,ZERO-Basis,KKW50,PJ
Prozesskälte2),2019,4.454890694779978,ZERO-Basis,KKW50,PJ
Prozesskälte2),2020,2.6982216901220615,ZERO-Basis,KKW50,PJ
Prozesskälte2),2021,2.6604051330568774,ZERO-Basis,KKW50,PJ
Prozesskälte2),2022,2.623210696243611,ZERO-Basis,KKW50,PJ
Prozesskälte2),2023,2.586660268032369,ZERO-Basis,KKW50,PJ
Prozesskälte2),2024,2.5506691080923622,ZERO-Basis,KKW50,PJ
Prozesskälte2),2025,2.515239740481576,ZERO-Basis,KKW50,PJ
Prozesskälte2),2026,2.4795251167853074,ZERO-Basis,KKW50,PJ
Prozesskälte2),2027,2.4442784305272895,ZERO-Basis,KKW50,PJ
Prozesskälte2),2028,2.409495394081764,ZERO-Basis,KKW50,PJ
Prozesskälte2),2029,2.3752052952061184,ZERO-Basis,KKW50,PJ
Prozesskälte2),2030,2.3414104686571475,ZERO-Basis,KKW50,PJ
Prozesskälte2),2031,2.3082031039865134,ZERO-Basis,KKW50,PJ
Prozesskälte2),2032,2.275295137894118,ZERO-Basis,KKW50,PJ
Prozesskälte2),2033,2.2426038950167198,ZERO-Basis,KKW50,PJ
Prozesskälte2),2034,2.210038817275268,ZERO-Basis,KKW50,PJ
Prozesskälte2),2035,2.1776005295975462,ZERO-Basis,KKW50,PJ
Prozesskälte2),2036,2.1448221353646164,ZERO-Basis,KKW50,PJ
Prozesskälte2),2037,2.1119992274755406,ZERO-Basis,KKW50,PJ
Prozesskälte2),2038,2.079436015004581,ZERO-Basis,KKW50,PJ
Prozesskälte2),2039,2.0471931392239515,ZERO-Basis,KKW50,PJ
Prozesskälte2),2040,2.0153294588154447,ZERO-Basis,KKW50,PJ
Prozesskälte2),2041,1.9829890495701488,ZERO-Basis,KKW50,PJ
Prozesskälte2),2042,1.951119364878976,ZERO-Basis,KKW50,PJ
Prozesskälte2),2043,1.9197244157862872,ZERO-Basis,KKW50,PJ
Prozesskälte2),2044,1.8888026010500958,ZERO-Basis,KKW50,PJ
Prozesskälte2),2045,1.8583524665689533,ZERO-Basis,KKW50,PJ
Prozesskälte2),2046,1.8276330229361855,ZERO-Basis,KKW50,PJ
Prozesskälte2),2047,1.7974250562832492,ZERO-Basis,KKW50,PJ
Prozesskälte2),2048,1.7677000696868586,ZERO-Basis,KKW50,PJ
Prozesskälte2),2049,1.7384590756728138,ZERO-Basis,KKW50,PJ
Prozesskälte2),2050,1.7096857200630837,ZERO-Basis,KKW50,PJ
Prozesskälte2),2051,1.6809173167628275,ZERO-Basis,KKW50,PJ
Prozesskälte2),2052,1.6526254832256304,ZERO-Basis,KKW50,PJ
Prozesskälte2),2053,1.6248169949733333,ZERO-Basis,KKW50,PJ
Prozesskälte2),2054,1.5974777211308793,ZERO-Basis,KKW50,PJ
Prozesskälte2),2055,1.5706097701975168,ZERO-Basis,KKW50,PJ
Prozesskälte2),2056,1.5443697897364206,ZERO-Basis,KKW50,PJ
Prozesskälte2),2057,1.5185767175235465,ZERO-Basis,KKW50,PJ
Prozesskälte2),2058,1.4932133760493032,ZERO-Basis,KKW50,PJ
Prozesskälte2),2059,1.4682814429679005,ZERO-Basis,KKW50,PJ
Prozesskälte2),2060,1.4437731607183983,ZERO-Basis,KKW50,PJ
Summe,2000,408.9240928049475,ZERO-Basis,KKW50,PJ
Summe,2001,435.3908046307254,ZERO-Basis,KKW50,PJ
Summe,2002,411.37628791354445,ZERO-Basis,KKW50,PJ
Summe,2003,432.02296133914797,ZERO-Basis,KKW50,PJ
Summe,2004,432.6377903137123,ZERO-Basis,KKW50,PJ
Summe,2005,440.33402943174906,ZERO-Basis,KKW50,PJ
Summe,2006,431.9604298870656,ZERO-Basis,KKW50,PJ
Summe,2007,400.3969994706822,ZERO-Basis,KKW50,PJ
Summe,2008,422.3730882182811,ZERO-Basis,KKW50,PJ
Summe,2009,411.22645643705846,ZERO-Basis,KKW50,PJ
Summe,2010,442.5743131465852,ZERO-Basis,KKW50,PJ
Summe,2011,381.3909625438918,ZERO-Basis,KKW50,PJ
Summe,2012,410.60110991997226,ZERO-Basis,KKW50,PJ
Summe,2013,433.9749573189706,ZERO-Basis,KKW50,PJ
Summe,2014,367.1138928765313,ZERO-Basis,KKW50,PJ
Summe,2015,385.86128415350584,ZERO-Basis,KKW50,PJ
Summe,2016,400.1736132592867,ZERO-Basis,KKW50,PJ
Summe,2017,395.43669627327955,ZERO-Basis,KKW50,PJ
Summe,2018,371.9245724949329,ZERO-Basis,KKW50,PJ
Summe,2019,376.59019198404366,ZERO-Basis,KKW50,PJ
Summe,2020,385.3722438280738,ZERO-Basis,KKW50,PJ
Summe,2021,380.6158521976082,ZERO-Basis,KKW50,PJ
Summe,2022,375.6549741071187,ZERO-Basis,KKW50,PJ
Summe,2023,371.0666407482445,ZERO-Basis,KKW50,PJ
Summe,2024,366.94243339631475,ZERO-Basis,KKW50,PJ
Summe,2025,362.5108983643943,ZERO-Basis,KKW50,PJ
Summe,2026,358.27653744609984,ZERO-Basis,KKW50,PJ
Summe,2027,354.1927172442635,ZERO-Basis,KKW50,PJ
Summe,2028,349.9236898572684,ZERO-Basis,KKW50,PJ
Summe,2029,345.94258976005176,ZERO-Basis,KKW50,PJ
Summe,2030,342.0039372058495,ZERO-Basis,KKW50,PJ
Summe,2031,338.4443505759527,ZERO-Basis,KKW50,PJ
Summe,2032,334.6704675958795,ZERO-Basis,KKW50,PJ
Summe,2033,331.213331445452,ZERO-Basis,KKW50,PJ
Summe,2034,327.51614010773284,ZERO-Basis,KKW50,PJ
Summe,2035,324.10181110078383,ZERO-Basis,KKW50,PJ
Summe,2036,320.4652329262923,ZERO-Basis,KKW50,PJ
Summe,2037,316.9755269713396,ZERO-Basis,KKW50,PJ
Summe,2038,313.48054176830993,ZERO-Basis,KKW50,PJ
Summe,2039,310.30398338733784,ZERO-Basis,KKW50,PJ
Summe,2040,306.9851478449648,ZERO-Basis,KKW50,PJ
Summe,2041,303.95474357538365,ZERO-Basis,KKW50,PJ
Summe,2042,301.04688052512836,ZERO-Basis,KKW50,PJ
Summe,2043,298.27105442092454,ZERO-Basis,KKW50,PJ
Summe,2044,295.5691337783272,ZERO-Basis,KKW50,PJ
Summe,2045,293.05190791810423,ZERO-Basis,KKW50,PJ
Summe,2046,290.62911359837506,ZERO-Basis,KKW50,PJ
Summe,2047,288.2461856389537,ZERO-Basis,KKW50,PJ
Summe,2048,285.9661324384724,ZERO-Basis,KKW50,PJ
Summe,2049,283.80067208806923,ZERO-Basis,KKW50,PJ
Summe,2050,281.7701553718145,ZERO-Basis,KKW50,PJ
Summe,2051,279.7423090893273,ZERO-Basis,KKW50,PJ
Summe,2052,277.9250260486245,ZERO-Basis,KKW50,PJ
Summe,2053,276.1171452326912,ZERO-Basis,KKW50,PJ
Summe,2054,274.3444687356739,ZERO-Basis,KKW50,PJ
Summe,2055,272.69885925775606,ZERO-Basis,KKW50,PJ
Summe,2056,271.09294135426205,ZERO-Basis,KKW50,PJ
Summe,2057,269.40464629716183,ZERO-Basis,KKW50,PJ
Summe,2058,267.88802626372126,ZERO-Basis,KKW50,PJ
Summe,2059,266.4980784108255,ZERO-Basis,KKW50,PJ
Summe,2060,265.02314442638425,ZERO-Basis,KKW50,PJ
Raumwärme,2000,258.68024106799373,ZERO-A,KKW50,PJ
Raumwärme,2001,277.871901229731,ZERO-A,KKW50,PJ
Raumwärme,2002,260.4030580338433,ZERO-A,KKW50,PJ
Raumwärme,2003,280.77578511717934,ZERO-A,KKW50,PJ
Raumwärme,2004,278.6810290075184,ZERO-A,KKW50,PJ
Raumwärme,2005,287.71963448069846,ZERO-A,KKW50,PJ
Raumwärme,2006,276.9710407577779,ZERO-A,KKW50,PJ
Raumwärme,2007,243.54212198262456,ZERO-A,KKW50,PJ
Raumwärme,2008,266.7675641611486,ZERO-A,KKW50,PJ
Raumwärme,2009,263.5356475016878,ZERO-A,KKW50,PJ
Raumwärme,2010,294.1129737311741,ZERO-A,KKW50,PJ
Raumwärme,2011,230.1588450290556,ZERO-A,KKW50,PJ
Raumwärme,2012,259.28919361342616,ZERO-A,KKW50,PJ
Raumwärme,2013,284.73283970061476,ZERO-A,KKW50,PJ
Raumwärme,2014,216.26154440773715,ZERO-A,KKW50,PJ
Raumwärme,2015,239.48366276423013,ZERO-A,KKW50,PJ
Raumwärme,2016,255.12922677576668,ZERO-A,KKW50,PJ
Raumwärme,2017,247.36643404381695,ZERO-A,KKW50,PJ
Raumwärme,2018,224.94104851772047,ZERO-A,KKW50,PJ
Raumwärme,2019,232.02125131281326,ZERO-A,KKW50,PJ
Raumwärme,2020,241.5466846594167,ZERO-A,KKW50,PJ
Raumwärme,2021,237.9100441121816,ZERO-A,KKW50,PJ
Raumwärme,2022,234.33028037663388,ZERO-A,KKW50,PJ
Raumwärme,2023,230.90688685525222,ZERO-A,KKW50,PJ
Raumwärme,2024,227.60066959389658,ZERO-A,KKW50,PJ
Raumwärme,2025,224.29384989860048,ZERO-A,KKW50,PJ
Raumwärme,2026,221.0810395370906,ZERO-A,KKW50,PJ
Raumwärme,2027,217.98903577555222,ZERO-A,KKW50,PJ
Raumwärme,2028,214.63853762846983,ZERO-A,KKW50,PJ
Raumwärme,2029,211.53896115655087,ZERO-A,KKW50,PJ
Raumwärme,2030,208.5577227170765,ZERO-A,KKW50,PJ
Raumwärme,2031,205.74727035393983,ZERO-A,KKW50,PJ
Raumwärme,2032,202.687897323744,ZERO-A,KKW50,PJ
Raumwärme,2033,199.96375134611466,ZERO-A,KKW50,PJ
Raumwärme,2034,197.07776737867601,ZERO-A,KKW50,PJ
Raumwärme,2035,194.44206043830368,ZERO-A,KKW50,PJ
Raumwärme,2036,191.50983396059274,ZERO-A,KKW50,PJ
Raumwärme,2037,188.77896689386816,ZERO-A,KKW50,PJ
Raumwärme,2038,186.01025129566762,ZERO-A,KKW50,PJ
Raumwärme,2039,183.4901182039891,ZERO-A,KKW50,PJ
Raumwärme,2040,180.77933927857902,ZERO-A,KKW50,PJ
Raumwärme,2041,178.49906858071958,ZERO-A,KKW50,PJ
Raumwärme,2042,176.3703272220733,ZERO-A,KKW50,PJ
Raumwärme,2043,174.33422397488434,ZERO-A,KKW50,PJ
Raumwärme,2044,172.37200208802105,ZERO-A,KKW50,PJ
Raumwärme,2045,170.4774943790756,ZERO-A,KKW50,PJ
Raumwärme,2046,168.67273961361687,ZERO-A,KKW50,PJ
Raumwärme,2047,167.0587180748975,ZERO-A,KKW50,PJ
Raumwärme,2048,165.36631852375328,ZERO-A,KKW50,PJ
Raumwärme,2049,163.87094599631084,ZERO-A,KKW50,PJ
Raumwärme,2050,162.5149925634429,ZERO-A,KKW50,PJ
Raumwärme,2051,161.21915396658417,ZERO-A,KKW50,PJ
Raumwärme,2052,159.91002139126945,ZERO-A,KKW50,PJ
Raumwärme,2053,158.7229550937248,ZERO-A,KKW50,PJ
Raumwärme,2054,157.47990857302517,ZERO-A,KKW50,PJ
Raumwärme,2055,156.30432398962122,ZERO-A,KKW50,PJ
Raumwärme,2056,155.2342372035383,ZERO-A,KKW50,PJ
Raumwärme,2057,154.1484618955078,ZERO-A,KKW50,PJ
Raumwärme,2058,153.0812953675212,ZERO-A,KKW50,PJ
Raumwärme,2059,152.15163669213004,ZERO-A,KKW50,PJ
Raumwärme,2060,151.10712562250524,ZERO-A,KKW50,PJ
Warmwasser,2000,46.16008564384072,ZERO-A,KKW50,PJ
Warmwasser,2001,45.794068790924825,ZERO-A,KKW50,PJ
Warmwasser,2002,46.03819101587673,ZERO-A,KKW50,PJ
Warmwasser,2003,45.714008090529994,ZERO-A,KKW50,PJ
Warmwasser,2004,45.98428451838214,ZERO-A,KKW50,PJ
Warmwasser,2005,45.55645234174557,ZERO-A,KKW50,PJ
Warmwasser,2006,45.64826390062888,ZERO-A,KKW50,PJ
Warmwasser,2007,44.74055955466081,ZERO-A,KKW50,PJ
Warmwasser,2008,44.593982367075874,ZERO-A,KKW50,PJ
Warmwasser,2009,45.20573972236941,ZERO-A,KKW50,PJ
Warmwasser,2010,45.06428505338164,ZERO-A,KKW50,PJ
Warmwasser,2011,44.564949697307696,ZERO-A,KKW50,PJ
Warmwasser,2012,44.70473097987044,ZERO-A,KKW50,PJ
Warmwasser,2013,45.10455763814119,ZERO-A,KKW50,PJ
Warmwasser,2014,44.61729272917246,ZERO-A,KKW50,PJ
Warmwasser,2015,44.92004297271117,ZERO-A,KKW50,PJ
Warmwasser,2016,44.67794936817715,ZERO-A,KKW50,PJ
Warmwasser,2017,44.68058948130047,ZERO-A,KKW50,PJ
Warmwasser,2018,44.38189747885366,ZERO-A,KKW50,PJ
Warmwasser,2019,44.18895398127352,ZERO-A,KKW50,PJ
Warmwasser,2020,43.39806691804462,ZERO-A,KKW50,PJ
Warmwasser,2021,43.09473285706558,ZERO-A,KKW50,PJ
Warmwasser,2022,42.66059814703867,ZERO-A,KKW50,PJ
Warmwasser,2023,42.31967220718761,ZERO-A,KKW50,PJ
Warmwasser,2024,41.97612047705042,ZERO-A,KKW50,PJ
Warmwasser,2025,41.726647291441225,ZERO-A,KKW50,PJ
Warmwasser,2026,41.41541488357411,ZERO-A,KKW50,PJ
Warmwasser,2027,41.07567529847957,ZERO-A,KKW50,PJ
Warmwasser,2028,40.84185784735504,ZERO-A,KKW50,PJ
Warmwasser,2029,40.673199575324496,ZERO-A,KKW50,PJ
Warmwasser,2030,40.41882396023243,ZERO-A,KKW50,PJ
Warmwasser,2031,40.26384170772273,ZERO-A,KKW50,PJ
Warmwasser,2032,40.08634990083684,ZERO-A,KKW50,PJ
Warmwasser,2033,39.95186799190265,ZERO-A,KKW50,PJ
Warmwasser,2034,39.80803939528165,ZERO-A,KKW50,PJ
Warmwasser,2035,39.647469233415485,ZERO-A,KKW50,PJ
Warmwasser,2036,39.54516194630588,ZERO-A,KKW50,PJ
Warmwasser,2037,39.393719528803814,ZERO-A,KKW50,PJ
Warmwasser,2038,39.19339492854651,ZERO-A,KKW50,PJ
Warmwasser,2039,39.066173585497175,ZERO-A,KKW50,PJ
Warmwasser,2040,38.8935020990539,ZERO-A,KKW50,PJ
Warmwasser,2041,38.730575874365314,ZERO-A,KKW50,PJ
Warmwasser,2042,38.63177341193737,ZERO-A,KKW50,PJ
Warmwasser,2043,38.514922785646036,ZERO-A,KKW50,PJ
Warmwasser,2044,38.353482748114644,ZERO-A,KKW50,PJ
Warmwasser,2045,38.18988056221598,ZERO-A,KKW50,PJ
Warmwasser,2046,38.03507795469233,ZERO-A,KKW50,PJ
Warmwasser,2047,37.84412115440115,ZERO-A,KKW50,PJ
Warmwasser,2048,37.68681866262323,ZERO-A,KKW50,PJ
Warmwasser,2049,37.570806012644425,ZERO-A,KKW50,PJ
Warmwasser,2050,37.47783899236451,ZERO-A,KKW50,PJ
Warmwasser,2051,37.4079212700375,ZERO-A,KKW50,PJ
Warmwasser,2052,37.32429029335035,ZERO-A,KKW50,PJ
Warmwasser,2053,37.21398884847245,ZERO-A,KKW50,PJ
Warmwasser,2054,37.17149578171087,ZERO-A,KKW50,PJ
Warmwasser,2055,37.104628062547846,ZERO-A,KKW50,PJ
Warmwasser,2056,37.02954639075194,ZERO-A,KKW50,PJ
Warmwasser,2057,36.941427877239754,ZERO-A,KKW50,PJ
Warmwasser,2058,36.8800343357099,ZERO-A,KKW50,PJ
Warmwasser,2059,36.810959087176656,ZERO-A,KKW50,PJ
Warmwasser,2060,36.78580833576636,ZERO-A,KKW50,PJ
Klimatisierung1),2000,8.755134073181864,ZERO-A,KKW50,PJ
Klimatisierung1),2001,13.463872786512663,ZERO-A,KKW50,PJ
Klimatisierung1),2002,10.612494034254144,ZERO-A,KKW50,PJ
Klimatisierung1),2003,12.111395419712316,ZERO-A,KKW50,PJ
Klimatisierung1),2004,11.980385886420779,ZERO-A,KKW50,PJ
Klimatisierung1),2005,10.9080712617939,ZERO-A,KKW50,PJ
Klimatisierung1),2006,9.969522622189968,ZERO-A,KKW50,PJ
Klimatisierung1),2007,9.558698220797966,ZERO-A,KKW50,PJ
Klimatisierung1),2008,9.564185725631999,ZERO-A,KKW50,PJ
Klimatisierung1),2009,9.629739954425228,ZERO-A,KKW50,PJ
Klimatisierung1),2010,9.359255492008598,ZERO-A,KKW50,PJ
Klimatisierung1),2011,9.869009758170098,ZERO-A,KKW50,PJ
Klimatisierung1),2012,9.721938168395225,ZERO-A,KKW50,PJ
Klimatisierung1),2013,9.500987066184473,ZERO-A,KKW50,PJ
Klimatisierung1),2014,8.398195973069845,ZERO-A,KKW50,PJ
Klimatisierung1),2015,9.337609495620395,ZERO-A,KKW50,PJ
Klimatisierung1),2016,9.581668443644093,ZERO-A,KKW50,PJ
Klimatisierung1),2017,10.416866553622178,ZERO-A,KKW50,PJ
Klimatisierung1),2018,10.235494726010263,ZERO-A,KKW50,PJ
Klimatisierung1),2019,9.692928302184416,ZERO-A,KKW50,PJ
Klimatisierung1),2020,11.972644165173826,ZERO-A,KKW50,PJ
Klimatisierung1),2021,12.029168451817004,ZERO-A,KKW50,PJ
Klimatisierung1),2022,12.119914902605029,ZERO-A,KKW50,PJ
Klimatisierung1),2023,12.195135733743385,ZERO-A,KKW50,PJ
Klimatisierung1),2024,12.255975160902976,ZERO-A,KKW50,PJ
Klimatisierung1),2025,12.301167394072875,ZERO-A,KKW50,PJ
Klimatisierung1),2026,12.359010731101833,ZERO-A,KKW50,PJ
Klimatisierung1),2027,12.482637746188107,ZERO-A,KKW50,PJ
Klimatisierung1),2028,12.549593808512839,ZERO-A,KKW50,PJ
Klimatisierung1),2029,12.61478840482519,ZERO-A,KKW50,PJ
Klimatisierung1),2030,12.667177050824936,ZERO-A,KKW50,PJ
Klimatisierung1),2031,12.654028718000461,ZERO-A,KKW50,PJ
Klimatisierung1),2032,12.743947435064115,ZERO-A,KKW50,PJ
Klimatisierung1),2033,12.812224736218019,ZERO-A,KKW50,PJ
Klimatisierung1),2034,12.859487851968133,ZERO-A,KKW50,PJ
Klimatisierung1),2035,12.930246819392917,ZERO-A,KKW50,PJ
Klimatisierung1),2036,12.986623032784497,ZERO-A,KKW50,PJ
Klimatisierung1),2037,13.046048008764616,ZERO-A,KKW50,PJ
Klimatisierung1),2038,13.113060159066274,ZERO-A,KKW50,PJ
Klimatisierung1),2039,13.202768578049072,ZERO-A,KKW50,PJ
Klimatisierung1),2040,13.295898733317141,ZERO-A,KKW50,PJ
Klimatisierung1),2041,13.350575878299061,ZERO-A,KKW50,PJ
Klimatisierung1),2042,13.396390364657096,ZERO-A,KKW50,PJ
Klimatisierung1),2043,13.47544268005834,ZERO-A,KKW50,PJ
Klimatisierung1),2044,13.564605021019377,ZERO-A,KKW50,PJ
Klimatisierung1),2045,13.630196132062363,ZERO-A,KKW50,PJ
Klimatisierung1),2046,13.68721404346955,ZERO-A,KKW50,PJ
Klimatisierung1),2047,13.744299094356801,ZERO-A,KKW50,PJ
Klimatisierung1),2048,13.814517688932362,ZERO-A,KKW50,PJ
Klimatisierung1),2049,13.900278414203184,ZERO-A,KKW50,PJ
Klimatisierung1),2050,13.977367302685185,ZERO-A,KKW50,PJ
Klimatisierung1),2051,14.01757404259396,ZERO-A,KKW50,PJ
Klimatisierung1),2052,14.05281029597159,ZERO-A,KKW50,PJ
Klimatisierung1),2053,14.112910951598105,ZERO-A,KKW50,PJ
Klimatisierung1),2054,14.156161244009523,ZERO-A,KKW50,PJ
Klimatisierung1),2055,14.18217180274138,ZERO-A,KKW50,PJ
Klimatisierung1),2056,14.214549604853984,ZERO-A,KKW50,PJ
Klimatisierung1),2057,14.234094566392079,ZERO-A,KKW50,PJ
Klimatisierung1),2058,14.263120352129802,ZERO-A,KKW50,PJ
Klimatisierung1),2059,14.28418618898326,ZERO-A,KKW50,PJ
Klimatisierung1),2060,14.323468623022348,ZERO-A,KKW50,PJ
Prozesswärme,2000,91.38668553804561,ZERO-A,KKW50,PJ
Prozesswärme,2001,92.27780298351331,ZERO-A,KKW50,PJ
Prozesswärme,2002,89.91151472563743,ZERO-A,KKW50,PJ
Prozesswärme,2003,88.90015957813131,ZERO-A,KKW50,PJ
Prozesswärme,2004,91.11331138909631,ZERO-A,KKW50,PJ
Prozesswärme,2005,91.8056393603892,ZERO-A,KKW50,PJ
Prozesswärme,2006,95.2703218175714,ZERO-A,KKW50,PJ
Prozesswärme,2007,98.39756430509054,ZERO-A,KKW50,PJ
Prozesswärme,2008,96.9145360500195,ZERO-A,KKW50,PJ
Prozesswärme,2009,88.0876895151797,ZERO-A,KKW50,PJ
Prozesswärme,2010,89.38754716531164,ZERO-A,KKW50,PJ
Prozesswärme,2011,92.00622051192519,ZERO-A,KKW50,PJ
Prozesswärme,2012,92.02401172827017,ZERO-A,KKW50,PJ
Prozesswärme,2013,89.4419534995247,ZERO-A,KKW50,PJ
Prozesswärme,2014,93.18050027399106,ZERO-A,KKW50,PJ
Prozesswärme,2015,87.55056793781806,ZERO-A,KKW50,PJ
Prozesswärme,2016,85.97718627047837,ZERO-A,KKW50,PJ
Prozesswärme,2017,87.6801832519281,ZERO-A,KKW50,PJ
Prozesswärme,2018,87.73960169297801,ZERO-A,KKW50,PJ
Prozesswärme,2019,86.08201809986613,ZERO-A,KKW50,PJ
Prozesswärme,2020,86.45472157985638,ZERO-A,KKW50,PJ
Prozesswärme,2021,85.65078685554282,ZERO-A,KKW50,PJ
Prozesswärme,2022,84.85980191990633,ZERO-A,KKW50,PJ
Prozesswärme,2023,84.08408389844664,ZERO-A,KKW50,PJ
Prozesswärme,2024,83.3244667470836,ZERO-A,KKW50,PJ
Prozesswärme,2025,82.57657819797629,ZERO-A,KKW50,PJ
Prozesswärme,2026,81.77288937813948,ZERO-A,KKW50,PJ
Prozesswärme,2027,80.97672866132287,ZERO-A,KKW50,PJ
Prozesswärme,2028,80.19221658412938,ZERO-A,KKW50,PJ
Prozesswärme,2029,79.42459611601511,ZERO-A,KKW50,PJ
Prozesswärme,2030,78.67068345492487,ZERO-A,KKW50,PJ
Prozesswärme,2031,77.946667052892,ZERO-A,KKW50,PJ
Prozesswärme,2032,77.23856084850784,ZERO-A,KKW50,PJ
Prozesswärme,2033,76.55470325459054,ZERO-A,KKW50,PJ
Prozesswärme,2034,75.89441051379404,ZERO-A,KKW50,PJ
Prozesswärme,2035,75.25035419502741,ZERO-A,KKW50,PJ
Prozesswärme,2036,74.57183225146,ZERO-A,KKW50,PJ
Prozesswärme,2037,73.89569944784228,ZERO-A,KKW50,PJ
Prozesswärme,2038,73.23375874788465,ZERO-A,KKW50,PJ
Prozesswärme,2039,72.58259187010493,ZERO-A,KKW50,PJ
Prozesswärme,2040,71.93693804118176,ZERO-A,KKW50,PJ
Prozesswärme,2041,71.26853545651785,ZERO-A,KKW50,PJ
Prozesswärme,2042,70.6073489831215,ZERO-A,KKW50,PJ
Prozesswärme,2043,69.96060220469839,ZERO-A,KKW50,PJ
Prozesswärme,2044,69.33123062853032,ZERO-A,KKW50,PJ
Prozesswärme,2045,68.71631213584071,ZERO-A,KKW50,PJ
Prozesswärme,2046,68.09569879443448,ZERO-A,KKW50,PJ
Prozesswärme,2047,67.49529347094271,ZERO-A,KKW50,PJ
Prozesswärme,2048,66.91626074453413,ZERO-A,KKW50,PJ
Prozesswärme,2049,66.35853760558992,ZERO-A,KKW50,PJ
Prozesswärme,2050,65.81760434017144,ZERO-A,KKW50,PJ
Prozesswärme,2051,65.2807678686244,ZERO-A,KKW50,PJ
Prozesswärme,2052,64.7607183022495,ZERO-A,KKW50,PJ
Prozesswärme,2053,64.26081194959713,ZERO-A,KKW50,PJ
Prozesswärme,2054,63.77991166225761,ZERO-A,KKW50,PJ
Prozesswärme,2055,63.3113294089159,ZERO-A,KKW50,PJ
Prozesswärme,2056,62.87803656164491,ZERO-A,KKW50,PJ
Prozesswärme,2057,62.45254911681651,ZERO-A,KKW50,PJ
Prozesswärme,2058,62.03840939215228,ZERO-A,KKW50,PJ
Prozesswärme,2059,61.634217374499826,ZERO-A,KKW50,PJ
Prozesswärme,2060,61.2338841873127,ZERO-A,KKW50,PJ
Prozesskälte2),2000,3.9158508271374504,ZERO-A,KKW50,PJ
Prozesskälte2),2001,5.957706254344371,ZERO-A,KKW50,PJ
Prozesskälte2),2002,4.389450766574432,ZERO-A,KKW50,PJ
Prozesskälte2),2003,4.501051308031085,ZERO-A,KKW50,PJ
Prozesskälte2),2004,4.858142900464945,ZERO-A,KKW50,PJ
Prozesskälte2),2005,4.324136669532337,ZERO-A,KKW50,PJ
Prozesskälte2),2006,4.080611308915566,ZERO-A,KKW50,PJ
Prozesskälte2),2007,4.138690940762021,ZERO-A,KKW50,PJ
Prozesskälte2),2008,4.5162870116533895,ZERO-A,KKW50,PJ
Prozesskälte2),2009,4.751901758585058,ZERO-A,KKW50,PJ
Prozesskälte2),2010,4.635281948331226,ZERO-A,KKW50,PJ
Prozesskälte2),2011,4.777328929441633,ZERO-A,KKW50,PJ
Prozesskälte2),2012,4.845798052563542,ZERO-A,KKW50,PJ
Prozesskälte2),2013,5.180383278042042,ZERO-A,KKW50,PJ
Prozesskälte2),2014,4.642320690575494,ZERO-A,KKW50,PJ
Prozesskälte2),2015,4.5563306784739925,ZERO-A,KKW50,PJ
Prozesskälte2),2016,4.7965299839899025,ZERO-A,KKW50,PJ
Prozesskälte2),2017,5.281587736591476,ZERO-A,KKW50,PJ
Prozesskälte2),2018,4.518250978409676,ZERO-A,KKW50,PJ
Prozesskälte2),2019,4.451622088360389,ZERO-A,KKW50,PJ
Prozesskälte2),2020,2.6982216901220615,ZERO-A,KKW50,PJ
Prozesskälte2),2021,2.6604051330568774,ZERO-A,KKW50,PJ
Prozesskälte2),2022,2.623210696243611,ZERO-A,KKW50,PJ
Prozesskälte2),2023,2.586660268032369,ZERO-A,KKW50,PJ
Prozesskälte2),2024,2.5506691080923622,ZERO-A,KKW50,PJ
Prozesskälte2),2025,2.515239740481576,ZERO-A,KKW50,PJ
Prozesskälte2),2026,2.4795251167853074,ZERO-A,KKW50,PJ
Prozesskälte2),2027,2.4442784305272895,ZERO-A,KKW50,PJ
Prozesskälte2),2028,2.409495394081764,ZERO-A,KKW50,PJ
Prozesskälte2),2029,2.3752052952061184,ZERO-A,KKW50,PJ
Prozesskälte2),2030,2.3414104686571475,ZERO-A,KKW50,PJ
Prozesskälte2),2031,2.3082031039865134,ZERO-A,KKW50,PJ
Prozesskälte2),2032,2.275295137894118,ZERO-A,KKW50,PJ
Prozesskälte2),2033,2.2426038950167198,ZERO-A,KKW50,PJ
Prozesskälte2),2034,2.210038817275268,ZERO-A,KKW50,PJ
Prozesskälte2),2035,2.1776005295975462,ZERO-A,KKW50,PJ
Prozesskälte2),2036,2.1448221353646164,ZERO-A,KKW50,PJ
Prozesskälte2),2037,2.1119992274755406,ZERO-A,KKW50,PJ
Prozesskälte2),2038,2.079436015004581,ZERO-A,KKW50,PJ
Prozesskälte2),2039,2.0471931392239515,ZERO-A,KKW50,PJ
Prozesskälte2),2040,2.0153294588154447,ZERO-A,KKW50,PJ
Prozesskälte2),2041,1.9829890495701488,ZERO-A,KKW50,PJ
Prozesskälte2),2042,1.951119364878976,ZERO-A,KKW50,PJ
Prozesskälte2),2043,1.9197244157862872,ZERO-A,KKW50,PJ
Prozesskälte2),2044,1.8888026010500958,ZERO-A,KKW50,PJ
Prozesskälte2),2045,1.8583524665689533,ZERO-A,KKW50,PJ
Prozesskälte2),2046,1.8276330229361855,ZERO-A,KKW50,PJ
Prozesskälte2),2047,1.7974250562832492,ZERO-A,KKW50,PJ
Prozesskälte2),2048,1.7677000696868586,ZERO-A,KKW50,PJ
Prozesskälte2),2049,1.7384590756728138,ZERO-A,KKW50,PJ
Prozesskälte2),2050,1.7096857200630837,ZERO-A,KKW50,PJ
Prozesskälte2),2051,1.6809173167628275,ZERO-A,KKW50,PJ
Prozesskälte2),2052,1.6526254832256304,ZERO-A,KKW50,PJ
Prozesskälte2),2053,1.6248169949733333,ZERO-A,KKW50,PJ
Prozesskälte2),2054,1.5974777211308793,ZERO-A,KKW50,PJ
Prozesskälte2),2055,1.5706097701975168,ZERO-A,KKW50,PJ
Prozesskälte2),2056,1.5443697897364206,ZERO-A,KKW50,PJ
Prozesskälte2),2057,1.5185767175235465,ZERO-A,KKW50,PJ
Prozesskälte2),2058,1.4932133760493032,ZERO-A,KKW50,PJ
Prozesskälte2),2059,1.4682814429679005,ZERO-A,KKW50,PJ
Prozesskälte2),2060,1.4437731607183983,ZERO-A,KKW50,PJ
Summe,2000,408.89799715019933,ZERO-A,KKW50,PJ
Summe,2001,435.36535204502616,ZERO-A,KKW50,PJ
Summe,2002,411.3547085761861,ZERO-A,KKW50,PJ
Summe,2003,432.00239951358407,ZERO-A,KKW50,PJ
Summe,2004,432.61715370188256,ZERO-A,KKW50,PJ
Summe,2005,440.31393411415945,ZERO-A,KKW50,PJ
Summe,2006,431.9397604070838,ZERO-A,KKW50,PJ
Summe,2007,400.37763500393595,ZERO-A,KKW50,PJ
Summe,2008,422.35655531552936,ZERO-A,KKW50,PJ
Summe,2009,411.2107184522472,ZERO-A,KKW50,PJ
Summe,2010,442.55934339020723,ZERO-A,KKW50,PJ
Summe,2011,381.37635392590016,ZERO-A,KKW50,PJ
Summe,2012,410.5856725425256,ZERO-A,KKW50,PJ
Summe,2013,433.96072118250714,ZERO-A,KKW50,PJ
Summe,2014,367.09985407454604,ZERO-A,KKW50,PJ
Summe,2015,385.8482138488538,ZERO-A,KKW50,PJ
Summe,2016,400.1625608420562,ZERO-A,KKW50,PJ
Summe,2017,395.42566106725917,ZERO-A,KKW50,PJ
Summe,2018,371.8162933939721,ZERO-A,KKW50,PJ
Summe,2019,376.43677378449775,ZERO-A,KKW50,PJ
Summe,2020,386.0703390126136,ZERO-A,KKW50,PJ
Summe,2021,381.3451374096639,ZERO-A,KKW50,PJ
Summe,2022,376.59380604242756,ZERO-A,KKW50,PJ
Summe,2023,372.0924389626622,ZERO-A,KKW50,PJ
Summe,2024,367.7079010870259,ZERO-A,KKW50,PJ
Summe,2025,363.4134825225725,ZERO-A,KKW50,PJ
Summe,2026,359.1078796466913,ZERO-A,KKW50,PJ
Summe,2027,354.96835591207,ZERO-A,KKW50,PJ
Summe,2028,350.63170126254886,ZERO-A,KKW50,PJ
Summe,2029,346.62675054792174,ZERO-A,KKW50,PJ
Summe,2030,342.6558176517159,ZERO-A,KKW50,PJ
Summe,2031,338.92001093654153,ZERO-A,KKW50,PJ
Summe,2032,335.0320506460469,ZERO-A,KKW50,PJ
Summe,2033,331.52515122384256,ZERO-A,KKW50,PJ
Summe,2034,327.8497439569951,ZERO-A,KKW50,PJ
Summe,2035,324.44773121573706,ZERO-A,KKW50,PJ
Summe,2036,320.7582733265077,ZERO-A,KKW50,PJ
Summe,2037,317.2264331067544,ZERO-A,KKW50,PJ
Summe,2038,313.6299011461697,ZERO-A,KKW50,PJ
Summe,2039,310.38884537686425,ZERO-A,KKW50,PJ
Summe,2040,306.9210076109473,ZERO-A,KKW50,PJ
Summe,2041,303.831744839472,ZERO-A,KKW50,PJ
Summe,2042,300.95695934666827,ZERO-A,KKW50,PJ
Summe,2043,298.2049160610734,ZERO-A,KKW50,PJ
Summe,2044,295.5101230867355,ZERO-A,KKW50,PJ
Summe,2045,292.8722356757636,ZERO-A,KKW50,PJ
Summe,2046,290.31836342914943,ZERO-A,KKW50,PJ
Summe,2047,287.9398568508814,ZERO-A,KKW50,PJ
Summe,2048,285.55161568952985,ZERO-A,KKW50,PJ
Summe,2049,283.4390271044212,ZERO-A,KKW50,PJ
Summe,2050,281.49748891872713,ZERO-A,KKW50,PJ
Summe,2051,279.6063344646028,ZERO-A,KKW50,PJ
Summe,2052,277.7004657660665,ZERO-A,KKW50,PJ
Summe,2053,275.9354838383658,ZERO-A,KKW50,PJ
Summe,2054,274.18495498213406,ZERO-A,KKW50,PJ
Summe,2055,272.4730630340239,ZERO-A,KKW50,PJ
Summe,2056,270.90073955052554,ZERO-A,KKW50,PJ
Summe,2057,269.2951101734797,ZERO-A,KKW50,PJ
Summe,2058,267.7560728235625,ZERO-A,KKW50,PJ
Summe,2059,266.3492807857577,ZERO-A,KKW50,PJ
Summe,2060,264.89405992932507,ZERO-A,KKW50,PJ
Raumwärme,2000,258.6802322840868,ZERO-C,KKW50,PJ
Raumwärme,2001,277.8719132652902,ZERO-C,KKW50,PJ
Raumwärme,2002,260.40306537143243,ZERO-C,KKW50,PJ
Raumwärme,2003,280.775507443921,ZERO-C,KKW50,PJ
Raumwärme,2004,278.6807201382527,ZERO-C,KKW50,PJ
Raumwärme,2005,287.7193323689911,ZERO-C,KKW50,PJ
Raumwärme,2006,276.9706712494874,ZERO-C,KKW50,PJ
Raumwärme,2007,243.54167042002473,ZERO-C,KKW50,PJ
Raumwärme,2008,266.7670438561182,ZERO-C,KKW50,PJ
Raumwärme,2009,263.53504742013763,ZERO-C,KKW50,PJ
Raumwärme,2010,294.1123376137114,ZERO-C,KKW50,PJ
Raumwärme,2011,230.15795270257763,ZERO-C,KKW50,PJ
Raumwärme,2012,259.28826150288864,ZERO-C,KKW50,PJ
Raumwärme,2013,284.73184593741894,ZERO-C,KKW50,PJ
Raumwärme,2014,216.259641455961,ZERO-C,KKW50,PJ
Raumwärme,2015,239.48162410976028,ZERO-C,KKW50,PJ
Raumwärme,2016,255.12715415600834,ZERO-C,KKW50,PJ
Raumwärme,2017,247.36399225869562,ZERO-C,KKW50,PJ
Raumwärme,2018,224.93227687034624,ZERO-C,KKW50,PJ
Raumwärme,2019,232.01435500617046,ZERO-C,KKW50,PJ
Raumwärme,2020,241.16877582727523,ZERO-C,KKW50,PJ
Raumwärme,2021,237.51631731184045,ZERO-C,KKW50,PJ
Raumwärme,2022,233.80186299114385,ZERO-C,KKW50,PJ
Raumwärme,2023,230.19708746235952,ZERO-C,KKW50,PJ
Raumwärme,2024,226.73655705296494,ZERO-C,KKW50,PJ
Raumwärme,2025,223.3281521057404,ZERO-C,KKW50,PJ
Raumwärme,2026,219.78348901090058,ZERO-C,KKW50,PJ
Raumwärme,2027,216.50173510307334,ZERO-C,KKW50,PJ
Raumwärme,2028,213.04658390342038,ZERO-C,KKW50,PJ
Raumwärme,2029,209.95034487101313,ZERO-C,KKW50,PJ
Raumwärme,2030,207.00346938140112,ZERO-C,KKW50,PJ
Raumwärme,2031,204.19904655741652,ZERO-C,KKW50,PJ
Raumwärme,2032,201.26287527200452,ZERO-C,KKW50,PJ
Raumwärme,2033,198.52073148088246,ZERO-C,KKW50,PJ
Raumwärme,2034,195.73906891110656,ZERO-C,KKW50,PJ
Raumwärme,2035,193.02126958636615,ZERO-C,KKW50,PJ
Raumwärme,2036,190.17180691799769,ZERO-C,KKW50,PJ
Raumwärme,2037,187.5173311928453,ZERO-C,KKW50,PJ
Raumwärme,2038,184.7652074780715,ZERO-C,KKW50,PJ
Raumwärme,2039,182.27586542188732,ZERO-C,KKW50,PJ
Raumwärme,2040,179.7361373331268,ZERO-C,KKW50,PJ
Raumwärme,2041,177.44450546397755,ZERO-C,KKW50,PJ
Raumwärme,2042,175.36563213338383,ZERO-C,KKW50,PJ
Raumwärme,2043,173.33042515793582,ZERO-C,KKW50,PJ
Raumwärme,2044,171.36216593758272,ZERO-C,KKW50,PJ
Raumwärme,2045,169.53943875692093,ZERO-C,KKW50,PJ
Raumwärme,2046,167.7564304363813,ZERO-C,KKW50,PJ
Raumwärme,2047,166.1923029556246,ZERO-C,KKW50,PJ
Raumwärme,2048,164.54175229260528,ZERO-C,KKW50,PJ
Raumwärme,2049,163.13506602760114,ZERO-C,KKW50,PJ
Raumwärme,2050,161.83238088108138,ZERO-C,KKW50,PJ
Raumwärme,2051,160.4080227998552,ZERO-C,KKW50,PJ
Raumwärme,2052,159.137243816061,ZERO-C,KKW50,PJ
Raumwärme,2053,157.96190101466942,ZERO-C,KKW50,PJ
Raumwärme,2054,156.74280286320914,ZERO-C,KKW50,PJ
Raumwärme,2055,155.56241349845868,ZERO-C,KKW50,PJ
Raumwärme,2056,154.53359969018928,ZERO-C,KKW50,PJ
Raumwärme,2057,153.42917242623096,ZERO-C,KKW50,PJ
Raumwärme,2058,152.3967856705036,ZERO-C,KKW50,PJ
Raumwärme,2059,151.38731353719072,ZERO-C,KKW50,PJ
Raumwärme,2060,150.46953718970786,ZERO-C,KKW50,PJ
Warmwasser,2000,46.16009442774764,ZERO-C,KKW50,PJ
Warmwasser,2001,45.794056755365645,ZERO-C,KKW50,PJ
Warmwasser,2002,46.03818367828763,ZERO-C,KKW50,PJ
Warmwasser,2003,45.714285763788304,ZERO-C,KKW50,PJ
Warmwasser,2004,45.98459338764792,ZERO-C,KKW50,PJ
Warmwasser,2005,45.556754453452996,ZERO-C,KKW50,PJ
Warmwasser,2006,45.64863340891939,ZERO-C,KKW50,PJ
Warmwasser,2007,44.74101083933286,ZERO-C,KKW50,PJ
Warmwasser,2008,44.59450236254613,ZERO-C,KKW50,PJ
Warmwasser,2009,45.206339457567154,ZERO-C,KKW50,PJ
Warmwasser,2010,45.06492072043686,ZERO-C,KKW50,PJ
Warmwasser,2011,44.565871915162845,ZERO-C,KKW50,PJ
Warmwasser,2012,44.70570446972894,ZERO-C,KKW50,PJ
Warmwasser,2013,45.105585901920215,ZERO-C,KKW50,PJ
Warmwasser,2014,44.61923090272824,ZERO-C,KKW50,PJ
Warmwasser,2015,44.92212049285912,ZERO-C,KKW50,PJ
Warmwasser,2016,44.68009039671349,ZERO-C,KKW50,PJ
Warmwasser,2017,44.6831027271553,ZERO-C,KKW50,PJ
Warmwasser,2018,44.389204724978384,ZERO-C,KKW50,PJ
Warmwasser,2019,44.19553085300917,ZERO-C,KKW50,PJ
Warmwasser,2020,43.41696948945821,ZERO-C,KKW50,PJ
Warmwasser,2021,43.11202843435842,ZERO-C,KKW50,PJ
Warmwasser,2022,42.68337319534902,ZERO-C,KKW50,PJ
Warmwasser,2023,42.326541280908835,ZERO-C,KKW50,PJ
Warmwasser,2024,41.97042399236651,ZERO-C,KKW50,PJ
Warmwasser,2025,41.74457069969094,ZERO-C,KKW50,PJ
Warmwasser,2026,41.39776690547571,ZERO-C,KKW50,PJ
Warmwasser,2027,41.07763639576885,ZERO-C,KKW50,PJ
Warmwasser,2028,40.84491148651559,ZERO-C,KKW50,PJ
Warmwasser,2029,40.6698237917124,ZERO-C,KKW50,PJ
Warmwasser,2030,40.36229866450525,ZERO-C,KKW50,PJ
Warmwasser,2031,40.22718454232635,ZERO-C,KKW50,PJ
Warmwasser,2032,40.07090830268544,ZERO-C,KKW50,PJ
Warmwasser,2033,39.94638317391243,ZERO-C,KKW50,PJ
Warmwasser,2034,39.823281977041475,ZERO-C,KKW50,PJ
Warmwasser,2035,39.67005014932751,ZERO-C,KKW50,PJ
Warmwasser,2036,39.54582863344339,ZERO-C,KKW50,PJ
Warmwasser,2037,39.449218053097425,ZERO-C,KKW50,PJ
Warmwasser,2038,39.2902296232301,ZERO-C,KKW50,PJ
Warmwasser,2039,39.17051084435441,ZERO-C,KKW50,PJ
Warmwasser,2040,39.05056144233808,ZERO-C,KKW50,PJ
Warmwasser,2041,38.933589445611084,ZERO-C,KKW50,PJ
Warmwasser,2042,38.873063618430116,ZERO-C,KKW50,PJ
Warmwasser,2043,38.77510635981632,ZERO-C,KKW50,PJ
Warmwasser,2044,38.663131939792166,ZERO-C,KKW50,PJ
Warmwasser,2045,38.58632588319485,ZERO-C,KKW50,PJ
Warmwasser,2046,38.51428937361542,ZERO-C,KKW50,PJ
Warmwasser,2047,38.3968178953466,ZERO-C,KKW50,PJ
Warmwasser,2048,38.340151543140784,ZERO-C,KKW50,PJ
Warmwasser,2049,38.28440718117026,ZERO-C,KKW50,PJ
Warmwasser,2050,38.24264296553964,ZERO-C,KKW50,PJ
Warmwasser,2051,38.16671676608791,ZERO-C,KKW50,PJ
Warmwasser,2052,38.106943536262904,ZERO-C,KKW50,PJ
Warmwasser,2053,38.088012329337104,ZERO-C,KKW50,PJ
Warmwasser,2054,38.0244129932584,ZERO-C,KKW50,PJ
Warmwasser,2055,37.98817937292533,ZERO-C,KKW50,PJ
Warmwasser,2056,37.95744921679945,ZERO-C,KKW50,PJ
Warmwasser,2057,37.850056883318906,ZERO-C,KKW50,PJ
Warmwasser,2058,37.82597447166447,ZERO-C,KKW50,PJ
Warmwasser,2059,37.77893641131703,ZERO-C,KKW50,PJ
Warmwasser,2060,37.77704329158304,ZERO-C,KKW50,PJ
Klimatisierung1),2000,8.754836426486102,ZERO-C,KKW50,PJ
Klimatisierung1),2001,13.46362282830809,ZERO-C,KKW50,PJ
Klimatisierung1),2002,10.612551986942215,ZERO-C,KKW50,PJ
Klimatisierung1),2003,12.111005153897,ZERO-C,KKW50,PJ
Klimatisierung1),2004,11.98050760627693,ZERO-C,KKW50,PJ
Klimatisierung1),2005,10.908080339022158,ZERO-C,KKW50,PJ
Klimatisierung1),2006,9.970999141528342,ZERO-C,KKW50,PJ
Klimatisierung1),2007,9.559729787707608,ZERO-C,KKW50,PJ
Klimatisierung1),2008,9.56308971892826,ZERO-C,KKW50,PJ
Klimatisierung1),2009,9.62829749258267,ZERO-C,KKW50,PJ
Klimatisierung1),2010,9.358069709938041,ZERO-C,KKW50,PJ
Klimatisierung1),2011,9.868143934300521,ZERO-C,KKW50,PJ
Klimatisierung1),2012,9.722213775543217,ZERO-C,KKW50,PJ
Klimatisierung1),2013,9.501123940489432,ZERO-C,KKW50,PJ
Klimatisierung1),2014,8.399128374592822,ZERO-C,KKW50,PJ
Klimatisierung1),2015,9.338735492316346,ZERO-C,KKW50,PJ
Klimatisierung1),2016,9.581443010593805,ZERO-C,KKW50,PJ
Klimatisierung1),2017,10.416586778216175,ZERO-C,KKW50,PJ
Klimatisierung1),2018,10.23418351841249,ZERO-C,KKW50,PJ
Klimatisierung1),2019,9.692612369014494,ZERO-C,KKW50,PJ
Klimatisierung1),2020,11.96180359470141,ZERO-C,KKW50,PJ
Klimatisierung1),2021,12.027113897579522,ZERO-C,KKW50,PJ
Klimatisierung1),2022,12.11401192961321,ZERO-C,KKW50,PJ
Klimatisierung1),2023,12.176094216865124,ZERO-C,KKW50,PJ
Klimatisierung1),2024,12.232247180623208,ZERO-C,KKW50,PJ
Klimatisierung1),2025,12.25563166360795,ZERO-C,KKW50,PJ
Klimatisierung1),2026,12.335261984408332,ZERO-C,KKW50,PJ
Klimatisierung1),2027,12.433932846190741,ZERO-C,KKW50,PJ
Klimatisierung1),2028,12.511369708226558,ZERO-C,KKW50,PJ
Klimatisierung1),2029,12.580679663010137,ZERO-C,KKW50,PJ
Klimatisierung1),2030,12.628470917672068,ZERO-C,KKW50,PJ
Klimatisierung1),2031,12.688863071748706,ZERO-C,KKW50,PJ
Klimatisierung1),2032,12.77303836487868,ZERO-C,KKW50,PJ
Klimatisierung1),2033,12.836933112840168,ZERO-C,KKW50,PJ
Klimatisierung1),2034,12.89359794141717,ZERO-C,KKW50,PJ
Klimatisierung1),2035,12.970141391036439,ZERO-C,KKW50,PJ
Klimatisierung1),2036,13.062282426489695,ZERO-C,KKW50,PJ
Klimatisierung1),2037,13.138643770921682,ZERO-C,KKW50,PJ
Klimatisierung1),2038,13.21792750048033,ZERO-C,KKW50,PJ
Klimatisierung1),2039,13.336051694210019,ZERO-C,KKW50,PJ
Klimatisierung1),2040,13.446579090420322,ZERO-C,KKW50,PJ
Klimatisierung1),2041,13.519351640863668,ZERO-C,KKW50,PJ
Klimatisierung1),2042,13.59303702598093,ZERO-C,KKW50,PJ
Klimatisierung1),2043,13.67690840819576,ZERO-C,KKW50,PJ
Klimatisierung1),2044,13.762380017049317,ZERO-C,KKW50,PJ
Klimatisierung1),2045,13.845322746682584,ZERO-C,KKW50,PJ
Klimatisierung1),2046,13.926776276040444,ZERO-C,KKW50,PJ
Klimatisierung1),2047,13.984347470655177,ZERO-C,KKW50,PJ
Klimatisierung1),2048,14.048795325156522,ZERO-C,KKW50,PJ
Klimatisierung1),2049,14.130953582697021,ZERO-C,KKW50,PJ
Klimatisierung1),2050,14.194685756576385,ZERO-C,KKW50,PJ
Klimatisierung1),2051,14.242225279898031,ZERO-C,KKW50,PJ
Klimatisierung1),2052,14.278578718475178,ZERO-C,KKW50,PJ
Klimatisierung1),2053,14.25994267721403,ZERO-C,KKW50,PJ
Klimatisierung1),2054,14.28922705191789,ZERO-C,KKW50,PJ
Klimatisierung1),2055,14.332788232574792,ZERO-C,KKW50,PJ
Klimatisierung1),2056,14.348992007732647,ZERO-C,KKW50,PJ
Klimatisierung1),2057,14.371069243975192,ZERO-C,KKW50,PJ
Klimatisierung1),2058,14.389640654301603,ZERO-C,KKW50,PJ
Klimatisierung1),2059,14.398138056933465,ZERO-C,KKW50,PJ
Klimatisierung1),2060,14.41176549531843,ZERO-C,KKW50,PJ
Prozesswärme,2000,91.38668553804561,ZERO-C,KKW50,PJ
Prozesswärme,2001,92.27780298351331,ZERO-C,KKW50,PJ
Prozesswärme,2002,89.91151472563743,ZERO-C,KKW50,PJ
Prozesswärme,2003,88.90015957813131,ZERO-C,KKW50,PJ
Prozesswärme,2004,91.11331138909631,ZERO-C,KKW50,PJ
Prozesswärme,2005,91.8056393603892,ZERO-C,KKW50,PJ
Prozesswärme,2006,95.2703218175714,ZERO-C,KKW50,PJ
Prozesswärme,2007,98.39756430509054,ZERO-C,KKW50,PJ
Prozesswärme,2008,96.9145360500195,ZERO-C,KKW50,PJ
Prozesswärme,2009,88.0876895151797,ZERO-C,KKW50,PJ
Prozesswärme,2010,89.38754716531164,ZERO-C,KKW50,PJ
Prozesswärme,2011,92.00622051192519,ZERO-C,KKW50,PJ
Prozesswärme,2012,92.02401172827017,ZERO-C,KKW50,PJ
Prozesswärme,2013,89.4419534995247,ZERO-C,KKW50,PJ
Prozesswärme,2014,93.18050027399106,ZERO-C,KKW50,PJ
Prozesswärme,2015,87.55056793781806,ZERO-C,KKW50,PJ
Prozesswärme,2016,85.97718627047837,ZERO-C,KKW50,PJ
Prozesswärme,2017,87.6801832519281,ZERO-C,KKW50,PJ
Prozesswärme,2018,87.72431462729152,ZERO-C,KKW50,PJ
Prozesswärme,2019,86.05505448170075,ZERO-C,KKW50,PJ
Prozesswärme,2020,86.45659842134806,ZERO-C,KKW50,PJ
Prozesswärme,2021,85.65359359037487,ZERO-C,KKW50,PJ
Prozesswärme,2022,84.86401650513567,ZERO-C,KKW50,PJ
Prozesswärme,2023,84.09032856568321,ZERO-C,KKW50,PJ
Prozesswärme,2024,83.33353209373497,ZERO-C,KKW50,PJ
Prozesswärme,2025,82.5894763481454,ZERO-C,KKW50,PJ
Prozesswärme,2026,81.79088031903493,ZERO-C,KKW50,PJ
Prozesswärme,2027,81.00133779850795,ZERO-C,KKW50,PJ
Prozesswärme,2028,80.22524279923434,ZERO-C,KKW50,PJ
Prozesswärme,2029,79.46811365845679,ZERO-C,KKW50,PJ
Prozesswärme,2030,78.727037090742,ZERO-C,KKW50,PJ
Prozesswärme,2031,78.01844986395184,ZERO-C,KKW50,PJ
Prozesswärme,2032,77.32858969061668,ZERO-C,KKW50,PJ
Prozesswärme,2033,76.66596836377461,ZERO-C,KKW50,PJ
Prozesswärme,2034,76.03001879272787,ZERO-C,KKW50,PJ
Prozesswärme,2035,75.41348204335911,ZERO-C,KKW50,PJ
Prozesswärme,2036,74.7656545822512,ZERO-C,KKW50,PJ
Prozesswärme,2037,74.12339096722495,ZERO-C,KKW50,PJ
Prozesswärme,2038,73.49832892372883,ZERO-C,KKW50,PJ
Prozesswärme,2039,72.8866943876136,ZERO-C,KKW50,PJ
Prozesswärme,2040,72.2825829396876,ZERO-C,KKW50,PJ
Prozesswärme,2041,71.65673647323769,ZERO-C,KKW50,PJ
Prozesswärme,2042,71.03790849441634,ZERO-C,KKW50,PJ
Prozesswärme,2043,70.43203016004448,ZERO-C,KKW50,PJ
Prozesswärme,2044,69.84071420187826,ZERO-C,KKW50,PJ
Prozesswärme,2045,69.25969666363038,ZERO-C,KKW50,PJ
Prozesswärme,2046,68.66782425173841,ZERO-C,KKW50,PJ
Prozesswärme,2047,68.09050258541859,ZERO-C,KKW50,PJ
Prozesswärme,2048,67.52876715726254,ZERO-C,KKW50,PJ
Prozesswärme,2049,66.98282494147541,ZERO-C,KKW50,PJ
Prozesswärme,2050,66.44872762697221,ZERO-C,KKW50,PJ
Prozesswärme,2051,65.91322663774338,ZERO-C,KKW50,PJ
Prozesswärme,2052,65.39168141380418,ZERO-C,KKW50,PJ
Prozesswärme,2053,64.88803698094497,ZERO-C,KKW50,PJ
Prozesswärme,2054,64.40170569879328,ZERO-C,KKW50,PJ
Prozesswärme,2055,63.92646128642579,ZERO-C,KKW50,PJ
Prozesswärme,2056,63.485959248042775,ZERO-C,KKW50,PJ
Prozesswärme,2057,63.05314849536932,ZERO-C,KKW50,PJ
Prozesswärme,2058,62.631273428333245,ZERO-C,KKW50,PJ
Prozesswärme,2059,62.21906314673629,ZERO-C,KKW50,PJ
Prozesswärme,2060,61.810510106997874,ZERO-C,KKW50,PJ
Prozesskälte2),2000,3.9159131605451063,ZERO-C,KKW50,PJ
Prozesskälte2),2001,5.957796316261407,ZERO-C,KKW50,PJ
Prozesskälte2),2002,4.389435697262793,ZERO-C,KKW50,PJ
Prozesskälte2),2003,4.501154074636515,ZERO-C,KKW50,PJ
Prozesskälte2),2004,4.858106892885435,ZERO-C,KKW50,PJ
Prozesskälte2),2005,4.324134407094277,ZERO-C,KKW50,PJ
Prozesskälte2),2006,4.0803004385127535,ZERO-C,KKW50,PJ
Prozesskälte2),2007,4.138472052110233,ZERO-C,KKW50,PJ
Prozesskälte2),2008,4.516519405303876,ZERO-C,KKW50,PJ
Prozesskälte2),2009,4.752199388795402,ZERO-C,KKW50,PJ
Prozesskälte2),2010,4.635521787615912,ZERO-C,KKW50,PJ
Prozesskälte2),2011,4.777496509476695,ZERO-C,KKW50,PJ
Prozesskälte2),2012,4.845720933903298,ZERO-C,KKW50,PJ
Prozesskälte2),2013,5.180337704097162,ZERO-C,KKW50,PJ
Prozesskälte2),2014,4.6421454171341425,ZERO-C,KKW50,PJ
Prozesskälte2),2015,4.55613293531114,ZERO-C,KKW50,PJ
Prozesskälte2),2016,4.7965407121315335,ZERO-C,KKW50,PJ
Prozesskälte2),2017,5.281612554170418,ZERO-C,KKW50,PJ
Prozesskälte2),2018,4.518565062022438,ZERO-C,KKW50,PJ
Prozesskälte2),2019,4.451805892422755,ZERO-C,KKW50,PJ
Prozesskälte2),2020,2.6982216901220615,ZERO-C,KKW50,PJ
Prozesskälte2),2021,2.6604051330568774,ZERO-C,KKW50,PJ
Prozesskälte2),2022,2.623210696243611,ZERO-C,KKW50,PJ
Prozesskälte2),2023,2.586660268032369,ZERO-C,KKW50,PJ
Prozesskälte2),2024,2.5506691080923622,ZERO-C,KKW50,PJ
Prozesskälte2),2025,2.515239740481576,ZERO-C,KKW50,PJ
Prozesskälte2),2026,2.4795251167853074,ZERO-C,KKW50,PJ
Prozesskälte2),2027,2.4442784305272895,ZERO-C,KKW50,PJ
Prozesskälte2),2028,2.409495394081764,ZERO-C,KKW50,PJ
Prozesskälte2),2029,2.3752052952061184,ZERO-C,KKW50,PJ
Prozesskälte2),2030,2.3414104686571475,ZERO-C,KKW50,PJ
Prozesskälte2),2031,2.3082031039865134,ZERO-C,KKW50,PJ
Prozesskälte2),2032,2.275295137894118,ZERO-C,KKW50,PJ
Prozesskälte2),2033,2.2426038950167198,ZERO-C,KKW50,PJ
Prozesskälte2),2034,2.210038817275268,ZERO-C,KKW50,PJ
Prozesskälte2),2035,2.1776005295975462,ZERO-C,KKW50,PJ
Prozesskälte2),2036,2.1448221353646164,ZERO-C,KKW50,PJ
Prozesskälte2),2037,2.1119992274755406,ZERO-C,KKW50,PJ
Prozesskälte2),2038,2.079436015004581,ZERO-C,KKW50,PJ
Prozesskälte2),2039,2.0471931392239515,ZERO-C,KKW50,PJ
Prozesskälte2),2040,2.0153294588154447,ZERO-C,KKW50,PJ
Prozesskälte2),2041,1.9829890495701488,ZERO-C,KKW50,PJ
Prozesskälte2),2042,1.951119364878976,ZERO-C,KKW50,PJ
Prozesskälte2),2043,1.9197244157862872,ZERO-C,KKW50,PJ
Prozesskälte2),2044,1.8888026010500958,ZERO-C,KKW50,PJ
Prozesskälte2),2045,1.8583524665689533,ZERO-C,KKW50,PJ
Prozesskälte2),2046,1.8276330229361855,ZERO-C,KKW50,PJ
Prozesskälte2),2047,1.7974250562832492,ZERO-C,KKW50,PJ
Prozesskälte2),2048,1.7677000696868586,ZERO-C,KKW50,PJ
Prozesskälte2),2049,1.7384590756728138,ZERO-C,KKW50,PJ
Prozesskälte2),2050,1.7096857200630837,ZERO-C,KKW50,PJ
Prozesskälte2),2051,1.6809173167628275,ZERO-C,KKW50,PJ
Prozesskälte2),2052,1.6526254832256304,ZERO-C,KKW50,PJ
Prozesskälte2),2053,1.6248169949733333,ZERO-C,KKW50,PJ
Prozesskälte2),2054,1.5974777211308793,ZERO-C,KKW50,PJ
Prozesskälte2),2055,1.5706097701975168,ZERO-C,KKW50,PJ
Prozesskälte2),2056,1.5443697897364206,ZERO-C,KKW50,PJ
Prozesskälte2),2057,1.5185767175235465,ZERO-C,KKW50,PJ
Prozesskälte2),2058,1.4932133760493032,ZERO-C,KKW50,PJ
Prozesskälte2),2059,1.4682814429679005,ZERO-C,KKW50,PJ
Prozesskälte2),2060,1.4437731607183983,ZERO-C,KKW50,PJ
Summe,2000,408.89776183691134,ZERO-C,KKW50,PJ
Summe,2001,435.36519214873863,ZERO-C,KKW50,PJ
Summe,2002,411.3547514595625,ZERO-C,KKW50,PJ
Summe,2003,432.0021120143742,ZERO-C,KKW50,PJ
Summe,2004,432.61723941415926,ZERO-C,KKW50,PJ
Summe,2005,440.3139409289497,ZERO-C,KKW50,PJ
Summe,2006,431.94092605601935,ZERO-C,KKW50,PJ
Summe,2007,400.37844740426596,ZERO-C,KKW50,PJ
Summe,2008,422.35569139291596,ZERO-C,KKW50,PJ
Summe,2009,411.20957327426254,ZERO-C,KKW50,PJ
Summe,2010,442.55839699701386,ZERO-C,KKW50,PJ
Summe,2011,381.37568557344287,ZERO-C,KKW50,PJ
Summe,2012,410.5859124103343,ZERO-C,KKW50,PJ
Summe,2013,433.96084698345044,ZERO-C,KKW50,PJ
Summe,2014,367.1006464244073,ZERO-C,KKW50,PJ
Summe,2015,385.84918096806496,ZERO-C,KKW50,PJ
Summe,2016,400.16241454592557,ZERO-C,KKW50,PJ
Summe,2017,395.4254775701656,ZERO-C,KKW50,PJ
Summe,2018,371.798544803051,ZERO-C,KKW50,PJ
Summe,2019,376.40935860231764,ZERO-C,KKW50,PJ
Summe,2020,385.702369022905,ZERO-C,KKW50,PJ
Summe,2021,380.9694583672101,ZERO-C,KKW50,PJ
Summe,2022,376.0864753174854,ZERO-C,KKW50,PJ
Summe,2023,371.37671179384904,ZERO-C,KKW50,PJ
Summe,2024,366.823429427782,ZERO-C,KKW50,PJ
Summe,2025,362.43307055766627,ZERO-C,KKW50,PJ
Summe,2026,357.78692333660484,ZERO-C,KKW50,PJ
Summe,2027,353.45892057406815,ZERO-C,KKW50,PJ
Summe,2028,349.0376032914786,ZERO-C,KKW50,PJ
Summe,2029,345.04416727939855,ZERO-C,KKW50,PJ
Summe,2030,341.0626865229776,ZERO-C,KKW50,PJ
Summe,2031,337.44174713942994,ZERO-C,KKW50,PJ
Summe,2032,333.71070676807943,ZERO-C,KKW50,PJ
Summe,2033,330.2126200264264,ZERO-C,KKW50,PJ
Summe,2034,326.69600643956835,ZERO-C,KKW50,PJ
Summe,2035,323.2525436996867,ZERO-C,KKW50,PJ
Summe,2036,319.6903946955466,ZERO-C,KKW50,PJ
Summe,2037,316.3405832115649,ZERO-C,KKW50,PJ
Summe,2038,312.85112954051533,ZERO-C,KKW50,PJ
Summe,2039,309.7163154872893,ZERO-C,KKW50,PJ
Summe,2040,306.5311902643883,ZERO-C,KKW50,PJ
Summe,2041,303.5371720732602,ZERO-C,KKW50,PJ
Summe,2042,300.8207606370902,ZERO-C,KKW50,PJ
Summe,2043,298.13419450177867,ZERO-C,KKW50,PJ
Summe,2044,295.5171946973526,ZERO-C,KKW50,PJ
Summe,2045,293.0891365169977,ZERO-C,KKW50,PJ
Summe,2046,290.6929533607117,ZERO-C,KKW50,PJ
Summe,2047,288.4613959633282,ZERO-C,KKW50,PJ
Summe,2048,286.227166387852,ZERO-C,KKW50,PJ
Summe,2049,284.27171080861666,ZERO-C,KKW50,PJ
Summe,2050,282.42812295023265,ZERO-C,KKW50,PJ
Summe,2051,280.41110880034734,ZERO-C,KKW50,PJ
Summe,2052,278.56707296782884,ZERO-C,KKW50,PJ
Summe,2053,276.8227099971389,ZERO-C,KKW50,PJ
Summe,2054,275.0556263283096,ZERO-C,KKW50,PJ
Summe,2055,273.3804521605821,ZERO-C,KKW50,PJ
Summe,2056,271.8703699525006,ZERO-C,KKW50,PJ
Summe,2057,270.2220237664179,ZERO-C,KKW50,PJ
Summe,2058,268.73688760085224,ZERO-C,KKW50,PJ
Summe,2059,267.2517325951454,ZERO-C,KKW50,PJ
Summe,2060,265.9126292443256,ZERO-C,KKW50,PJ
